<?xml version="1.0" encoding="UTF-8"?>

<Appointment xmlns="http://hl7.org/fhir">
  <id value="FRCoreAppointmentExample"/>
  <meta>
    <profile value="https://hl7.fr/ig/fhir/core/StructureDefinition/fr-core-appointment"/>
  </meta>
  <text>
    <status value="extensions"/><div xmlns="http://www.w3.org/1999/xhtml"><p class="res-header-id"><b>Narratif généré : RendezVous FRCoreAppointmentExample</b></p><a name="FRCoreAppointmentExample"> </a><a name="hcFRCoreAppointmentExample"> </a><div style="display: inline-block; background-color: #d9e0e7; padding: 6px; margin: 4px; border: 1px solid #8da1b4; border-radius: 5px; line-height: 60%"><p style="margin-bottom: 0px"/><p style="margin-bottom: 0px">Profil: <a href="StructureDefinition-fr-core-appointment.html">FR Core Appointment Profile</a></p></div><p><b>FR Core Appointment Operator Extension</b>: <a href="Patient-FRCorePatientExample.html">Pierre Durand (official) Male, Date de Naissance :1974-12-25 ( NIR définitif (use: official, ))</a></p><p><b>identifier</b>: <code>http://appointment-identifier-system.org</code>/123</p><p><b>status</b>: Proposed</p><p><b>serviceType</b>: <span title="Codes :{http://terminology.hl7.org/CodeSystem/service-type 1}">Adoption/Permanent Care Info/Support</span></p><p><b>specialty</b>: <span title="Codes :{https://mos.esante.gouv.fr/NOS/TRE_R38-SpecialiteOrdinale/FHIR/TRE-R38-SpecialiteOrdinale SM54}">Médecine générale (SM)</span></p><p><b>priority</b>: 5</p><p><b>minutesDuration</b>: 15</p><p><b>slot</b>: <a href="Slot-FRCoreSlotExample.html">Slot : identifier = http://slot-identifier-system.org#451 (use: usual, ); serviceType = Friendly Visiting; specialty = Médecine générale (SM); status = free; start = 2019-01-04 09:15:00+0000; end = 2019-01-04 09:30:00+0000</a></p><p><b>created</b>: 2019-01-02</p><blockquote><p><b>participant</b></p><p><b>actor</b>: <a href="Patient-FRCorePatientExample.html">Pierre Durand (official) Male, Date de Naissance :1974-12-25 ( NIR définitif (use: official, ))</a></p><p><b>required</b>: Required</p><p><b>status</b>: Accepted</p></blockquote><blockquote><p><b>participant</b></p><p><b>actor</b>: <a href="PractitionerRole-FRCorePractitionerRoleExample.html">PractitionerRole Soignant</a></p><p><b>required</b>: Required</p><p><b>status</b>: Needs Action</p></blockquote><blockquote><p><b>participant</b></p><p><b>actor</b>: <a href="Practitioner-FRCorePractitionerExample.html">Practitioner Leclerc Sophie</a></p><p><b>required</b>: Required</p><p><b>status</b>: Needs Action</p></blockquote><p><b>requestedPeriod</b>: 2019-01-04 09:15:00+0000 --&gt; (en cours)</p></div>
  </text>
  <extension url="https://hl7.fr/ig/fhir/core/StructureDefinition/fr-core-appointment-operator">
    <valueReference>
      <reference value="Patient/FRCorePatientExample"/>
    </valueReference>
  </extension>
  <identifier>
    <system value="http://appointment-identifier-system.org"/>
    <value value="123"/>
  </identifier>
  <status value="proposed"/>
  <serviceType>
    <coding>
      <system value="http://terminology.hl7.org/CodeSystem/service-type"/>
      <code value="1"/>
      <display value="Adoption/Permanent Care Info/Support"/>
    </coding>
  </serviceType>
  <specialty>
    <coding>
      <system value="https://mos.esante.gouv.fr/NOS/TRE_R38-SpecialiteOrdinale/FHIR/TRE-R38-SpecialiteOrdinale"/>
      <code value="SM54"/>
      <display value="Médecine générale (SM)"/>
    </coding>
  </specialty>
  <priority value="5"/>
  <minutesDuration value="15"/>
  <slot>
    <reference value="Slot/FRCoreSlotExample"/>
  </slot>
  <created value="2019-01-02"/>
  <participant>
    <actor>
      <reference value="Patient/FRCorePatientExample"/>
    </actor>
    <required value="required"/>
    <status value="accepted"/>
  </participant>
  <participant>
    <actor>
      <reference value="PractitionerRole/FRCorePractitionerRoleExample"/>
    </actor>
    <required value="required"/>
    <status value="needs-action"/>
  </participant>
  <participant>
    <actor>
      <reference value="Practitioner/FRCorePractitionerExample"/>
    </actor>
    <required value="required"/>
    <status value="needs-action"/>
  </participant>
  <requestedPeriod>
    <start value="2019-01-04T09:15:00Z"/>
  </requestedPeriod>
</Appointment>