{"resourceType":"CodeSystem","id":"fr-core-cs-location-physical-type","meta":{"profile":["http://hl7.org/fhir/StructureDefinition/shareablecodesystem|4.0.1"]},"text":{"status":"generated","div":"<div xmlns=\"http://www.w3.org/1999/xhtml\"><p class=\"res-header-id\"><b>Narratif généré : CodeSystem fr-core-cs-location-physical-type</b></p><a name=\"fr-core-cs-location-physical-type\"> </a><a name=\"hcfr-core-cs-location-physical-type\"> </a><div style=\"display: inline-block; background-color: #d9e0e7; padding: 6px; margin: 4px; border: 1px solid #8da1b4; border-radius: 5px; line-height: 60%\"><p style=\"margin-bottom: 0px\"/><p style=\"margin-bottom: 0px\">Profil: <a href=\"http://hl7.org/fhir/R4/shareablecodesystem.html\">Shareable CodeSystemversion : null4.0.1)</a></p></div><p>This case-sensitive code system <code>https://hl7.fr/ig/fhir/core/CodeSystem/fr-core-cs-location-physical-type</code> defines the following codes:</p><table class=\"codes\"><tr><td style=\"white-space:nowrap\"><b>Code</b></td><td><b>Affichage</b></td><td><b>Définition</b></td></tr><tr><td style=\"white-space:nowrap\">FTL<a name=\"fr-core-cs-location-physical-type-FTL\"> </a></td><td>Emplacement fauteuil</td><td>Emplacement fauteuil</td></tr><tr><td style=\"white-space:nowrap\">BTMNT<a name=\"fr-core-cs-location-physical-type-BTMNT\"> </a></td><td>Bâtiment</td><td>Bâtiment</td></tr><tr><td style=\"white-space:nowrap\">L<a name=\"fr-core-cs-location-physical-type-L\"> </a></td><td>Lieu non spécifié</td><td>Lieu non spécifié</td></tr><tr><td style=\"white-space:nowrap\">ETG<a name=\"fr-core-cs-location-physical-type-ETG\"> </a></td><td>Etage</td><td>Etage</td></tr><tr><td style=\"white-space:nowrap\">AL<a name=\"fr-core-cs-location-physical-type-AL\"> </a></td><td>Aile</td><td>Aile</td></tr><tr><td style=\"white-space:nowrap\">CLR<a name=\"fr-core-cs-location-physical-type-CLR\"> </a></td><td>Couloir</td><td>Couloir</td></tr><tr><td style=\"white-space:nowrap\">R<a name=\"fr-core-cs-location-physical-type-R\"> </a></td><td>Chambre</td><td>Chambre</td></tr><tr><td style=\"white-space:nowrap\">BX<a name=\"fr-core-cs-location-physical-type-BX\"> </a></td><td>Box</td><td>Box</td></tr><tr><td style=\"white-space:nowrap\">PT<a name=\"fr-core-cs-location-physical-type-PT\"> </a></td><td>Point</td><td>Point</td></tr><tr><td style=\"white-space:nowrap\">B<a name=\"fr-core-cs-location-physical-type-B\"> </a></td><td>Emplacement lit</td><td>Emplacement lit</td></tr><tr><td style=\"white-space:nowrap\">BLC<a name=\"fr-core-cs-location-physical-type-BLC\"> </a></td><td>Bloc</td><td>Bloc</td></tr><tr><td style=\"white-space:nowrap\">BR<a name=\"fr-core-cs-location-physical-type-BR\"> </a></td><td>Bureau</td><td>Bureau</td></tr></table></div>"},"url":"https://hl7.fr/ig/fhir/core/CodeSystem/fr-core-cs-location-physical-type","version":"2.2.0-ballot-2","name":"FRCoreCodeSystemLocationPhysicalType","title":"FR Core CodeSystem Location Physical Type","status":"draft","experimental":false,"date":"2026-01-30T16:30:30+00:00","publisher":"Interop'Santé","contact":[{"name":"Interop'Santé","telecom":[{"system":"url","value":"http://interopsante.org"}]},{"name":"InteropSanté","telecom":[{"system":"email","value":"fhir@interopsante.org","use":"work"}]}],"description":"Location physical type","jurisdiction":[{"coding":[{"system":"urn:iso:std:iso:3166","code":"FRA","display":"France"}]}],"caseSensitive":true,"content":"complete","count":12,"concept":[{"code":"FTL","display":"Emplacement fauteuil","definition":"Emplacement fauteuil"},{"code":"BTMNT","display":"Bâtiment","definition":"Bâtiment"},{"code":"L","display":"Lieu non spécifié","definition":"Lieu non spécifié"},{"code":"ETG","display":"Etage","definition":"Etage"},{"code":"AL","display":"Aile","definition":"Aile"},{"code":"CLR","display":"Couloir","definition":"Couloir"},{"code":"R","display":"Chambre","definition":"Chambre"},{"code":"BX","display":"Box","definition":"Box"},{"code":"PT","display":"Point","definition":"Point"},{"code":"B","display":"Emplacement lit","definition":"Emplacement lit"},{"code":"BLC","display":"Bloc","definition":"Bloc"},{"code":"BR","display":"Bureau","definition":"Bureau"}]}