{"resourceType":"CodeSystem","id":"fr-core-cs-champ-activite","meta":{"profile":["http://hl7.org/fhir/StructureDefinition/shareablecodesystem|4.0.1"]},"text":{"status":"generated","div":"<div xmlns=\"http://www.w3.org/1999/xhtml\"><p class=\"res-header-id\"><b>Narratif généré : CodeSystem fr-core-cs-champ-activite</b></p><a name=\"fr-core-cs-champ-activite\"> </a><a name=\"hcfr-core-cs-champ-activite\"> </a><div style=\"display: inline-block; background-color: #d9e0e7; padding: 6px; margin: 4px; border: 1px solid #8da1b4; border-radius: 5px; line-height: 60%\"><p style=\"margin-bottom: 0px\"/><p style=\"margin-bottom: 0px\">Profil: <a href=\"http://hl7.org/fhir/R4/shareablecodesystem.html\">Shareable CodeSystemversion : null4.0.1)</a></p></div><p>This case-sensitive code system <code>https://hl7.fr/ig/fhir/core/CodeSystem/fr-core-cs-champ-activite</code> defines the following codes:</p><table class=\"codes\"><tr><td style=\"white-space:nowrap\"><b>Code</b></td><td><b>Affichage</b></td></tr><tr><td style=\"white-space:nowrap\">MCO<a name=\"fr-core-cs-champ-activite-MCO\"> </a></td><td>MCO</td></tr><tr><td style=\"white-space:nowrap\">SMR<a name=\"fr-core-cs-champ-activite-SMR\"> </a></td><td>SMR</td></tr><tr><td style=\"white-space:nowrap\">HAD<a name=\"fr-core-cs-champ-activite-HAD\"> </a></td><td>HAD</td></tr><tr><td style=\"white-space:nowrap\">PSY<a name=\"fr-core-cs-champ-activite-PSY\"> </a></td><td>PSY</td></tr><tr><td style=\"white-space:nowrap\">EHPAD<a name=\"fr-core-cs-champ-activite-EHPAD\"> </a></td><td>EHPAD</td></tr><tr><td style=\"white-space:nowrap\">LG_SJR<a name=\"fr-core-cs-champ-activite-LG_SJR\"> </a></td><td>Long séjour</td></tr><tr><td style=\"white-space:nowrap\">MSN_RTRT<a name=\"fr-core-cs-champ-activite-MSN_RTRT\"> </a></td><td>Maison de retraite</td></tr><tr><td style=\"white-space:nowrap\">ATR<a name=\"fr-core-cs-champ-activite-ATR\"> </a></td><td>Autre</td></tr></table></div>"},"url":"https://hl7.fr/ig/fhir/core/CodeSystem/fr-core-cs-champ-activite","version":"2.2.0-ballot-2","name":"FRCoreCodeSystemChampActivite","title":"FR Core CodeSystem Champ Activite - Codes du champ d'activité","status":"draft","experimental":false,"date":"2026-01-30T16:30:30+00:00","publisher":"Interop'Santé","contact":[{"name":"Interop'Santé","telecom":[{"system":"url","value":"http://interopsante.org"}]},{"name":"InteropSanté","telecom":[{"system":"email","value":"fhir@interopsante.org","use":"work"}]}],"description":"Champ d'activité clinique de l'organisation type UF, tel que cité dans les fiches pratiques de comptabilité analytique hospitalière, de la DGOS.","jurisdiction":[{"coding":[{"system":"urn:iso:std:iso:3166","code":"FRA","display":"France"}]}],"caseSensitive":true,"content":"complete","count":8,"concept":[{"code":"MCO","display":"MCO","designation":[{"use":{"code":"display"},"value":"Médecine Chirurgie Obstétrique"},{"use":{"system":"http://terminology.hl7.org/CodeSystem/hl7TermMaintInfra","code":"preferredForLanguage"},"value":"MCO"}]},{"code":"SMR","display":"SMR","designation":[{"use":{"code":"display"},"value":"Soins Médicaux et de Réadaptation"},{"use":{"system":"http://terminology.hl7.org/CodeSystem/hl7TermMaintInfra","code":"preferredForLanguage"},"value":"SMR"}]},{"code":"HAD","display":"HAD","designation":[{"use":{"code":"display"},"value":"Hospitalisation à Domicile"},{"use":{"system":"http://terminology.hl7.org/CodeSystem/hl7TermMaintInfra","code":"preferredForLanguage"},"value":"HAD"}]},{"code":"PSY","display":"PSY","designation":[{"use":{"code":"display"},"value":"Psychiatrie"},{"use":{"system":"http://terminology.hl7.org/CodeSystem/hl7TermMaintInfra","code":"preferredForLanguage"},"value":"PSY"}]},{"code":"EHPAD","display":"EHPAD","designation":[{"use":{"code":"display"},"value":"Etablissement d'Hébergement pour Personnes Agées Dépendantes"},{"use":{"system":"http://terminology.hl7.org/CodeSystem/hl7TermMaintInfra","code":"preferredForLanguage"},"value":"EHPAD"}]},{"code":"LG_SJR","display":"Long séjour","designation":[{"use":{"system":"http://terminology.hl7.org/CodeSystem/hl7TermMaintInfra","code":"preferredForLanguage"},"value":"Long séjour"}]},{"code":"MSN_RTRT","display":"Maison de retraite","designation":[{"use":{"system":"http://terminology.hl7.org/CodeSystem/hl7TermMaintInfra","code":"preferredForLanguage"},"value":"Maison de retraite"}]},{"code":"ATR","display":"Autre","designation":[{"use":{"system":"http://terminology.hl7.org/CodeSystem/hl7TermMaintInfra","code":"preferredForLanguage"},"value":"Autre"}]}]}