{"resourceType":"CodeSystem","id":"fr-core-cs-contact-relationship","meta":{"profile":["http://hl7.org/fhir/StructureDefinition/shareablecodesystem|4.0.1"]},"text":{"status":"generated","div":"<div xmlns=\"http://www.w3.org/1999/xhtml\"><p class=\"res-header-id\"><b>Narratif généré : CodeSystem fr-core-cs-contact-relationship</b></p><a name=\"fr-core-cs-contact-relationship\"> </a><a name=\"hcfr-core-cs-contact-relationship\"> </a><div style=\"display: inline-block; background-color: #d9e0e7; padding: 6px; margin: 4px; border: 1px solid #8da1b4; border-radius: 5px; line-height: 60%\"><p style=\"margin-bottom: 0px\"/><p style=\"margin-bottom: 0px\">Profil: <a href=\"http://hl7.org/fhir/R4/shareablecodesystem.html\">Shareable CodeSystemversion : null4.0.1)</a></p></div><p>This case-sensitive code system <code>https://hl7.fr/ig/fhir/core/CodeSystem/fr-core-cs-contact-relationship</code> defines the following codes:</p><table class=\"codes\"><tr><td style=\"white-space:nowrap\"><b>Code</b></td><td><b>Affichage</b></td><td><b>Définition</b></td></tr><tr><td style=\"white-space:nowrap\">WRD<a name=\"fr-core-cs-contact-relationship-WRD\"> </a></td><td>Dépositaire de la tutelle judiciare</td><td>Dépositaire de la tutelle judiciare</td></tr><tr><td style=\"white-space:nowrap\">GRD<a name=\"fr-core-cs-contact-relationship-GRD\"> </a></td><td>Tuteur</td><td>Tuteur</td></tr><tr><td style=\"white-space:nowrap\">CUR<a name=\"fr-core-cs-contact-relationship-CUR\"> </a></td><td>Représentant légal</td><td>Représentant légal</td></tr><tr><td style=\"white-space:nowrap\">CURTL<a name=\"fr-core-cs-contact-relationship-CURTL\"> </a></td><td>Curatelle</td><td>Curatelle</td></tr><tr><td style=\"white-space:nowrap\">EDUREF<a name=\"fr-core-cs-contact-relationship-EDUREF\"> </a></td><td>Educateur référent</td><td>Educateur référent</td></tr><tr><td style=\"white-space:nowrap\">SVG<a name=\"fr-core-cs-contact-relationship-SVG\"> </a></td><td>Sauvegarde juridique</td><td>Sauvegarde juridique</td></tr><tr><td style=\"white-space:nowrap\">K<a name=\"fr-core-cs-contact-relationship-K\"> </a></td><td>Personne de confiance</td><td>Personne de confiance</td></tr><tr><td style=\"white-space:nowrap\">P<a name=\"fr-core-cs-contact-relationship-P\"> </a></td><td>Personne à ne pas prévenir</td><td>Personne à ne pas prévenir</td></tr><tr><td style=\"white-space:nowrap\">FAMMEMB<a name=\"fr-core-cs-contact-relationship-FAMMEMB\"> </a></td><td>family member</td><td>family member</td></tr><tr><td style=\"white-space:nowrap\">CHILD<a name=\"fr-core-cs-contact-relationship-CHILD\"> </a></td><td>child</td><td>child</td></tr><tr><td style=\"white-space:nowrap\">CHLDADOPT<a name=\"fr-core-cs-contact-relationship-CHLDADOPT\"> </a></td><td>adopted child</td><td>adopted child</td></tr><tr><td style=\"white-space:nowrap\">DAUADOPT<a name=\"fr-core-cs-contact-relationship-DAUADOPT\"> </a></td><td>adopted daughter</td><td>adopted daughter</td></tr><tr><td style=\"white-space:nowrap\">SONADOPT<a name=\"fr-core-cs-contact-relationship-SONADOPT\"> </a></td><td>adopted son</td><td>adopted son</td></tr><tr><td style=\"white-space:nowrap\">CHLDFOST<a name=\"fr-core-cs-contact-relationship-CHLDFOST\"> </a></td><td>foster child</td><td>foster child</td></tr><tr><td style=\"white-space:nowrap\">SONFOST<a name=\"fr-core-cs-contact-relationship-SONFOST\"> </a></td><td>foster son</td><td>foster son</td></tr><tr><td style=\"white-space:nowrap\">DAUC<a name=\"fr-core-cs-contact-relationship-DAUC\"> </a></td><td>daughter</td><td>daughter</td></tr><tr><td style=\"white-space:nowrap\">STPDAU<a name=\"fr-core-cs-contact-relationship-STPDAU\"> </a></td><td>stepdaughter</td><td>stepdaughter</td></tr><tr><td style=\"white-space:nowrap\">SONC<a name=\"fr-core-cs-contact-relationship-SONC\"> </a></td><td>son</td><td>son</td></tr><tr><td style=\"white-space:nowrap\">STPSON<a name=\"fr-core-cs-contact-relationship-STPSON\"> </a></td><td>stepson</td><td>stepson</td></tr><tr><td style=\"white-space:nowrap\">STPCHLD<a name=\"fr-core-cs-contact-relationship-STPCHLD\"> </a></td><td>step child</td><td>step child</td></tr><tr><td style=\"white-space:nowrap\">EXT<a name=\"fr-core-cs-contact-relationship-EXT\"> </a></td><td>extended family member</td><td>extended family member</td></tr><tr><td style=\"white-space:nowrap\">AUNT<a name=\"fr-core-cs-contact-relationship-AUNT\"> </a></td><td>aunt</td><td>aunt</td></tr><tr><td style=\"white-space:nowrap\">COUSN<a name=\"fr-core-cs-contact-relationship-COUSN\"> </a></td><td>cousin</td><td>cousin</td></tr><tr><td style=\"white-space:nowrap\">GGRPRN<a name=\"fr-core-cs-contact-relationship-GGRPRN\"> </a></td><td>great grandparent</td><td>great grandparent</td></tr><tr><td style=\"white-space:nowrap\">GGRFTH<a name=\"fr-core-cs-contact-relationship-GGRFTH\"> </a></td><td>great grandfather</td><td>great grandfather</td></tr><tr><td style=\"white-space:nowrap\">GGRMTH<a name=\"fr-core-cs-contact-relationship-GGRMTH\"> </a></td><td>great grandmather</td><td>great grandmather</td></tr><tr><td style=\"white-space:nowrap\">GRNDCHILD<a name=\"fr-core-cs-contact-relationship-GRNDCHILD\"> </a></td><td>grandchild</td><td>grandchild</td></tr><tr><td style=\"white-space:nowrap\">GRNDDAU<a name=\"fr-core-cs-contact-relationship-GRNDDAU\"> </a></td><td>granddaughter</td><td>granddaughter</td></tr><tr><td style=\"white-space:nowrap\">GRNDSON<a name=\"fr-core-cs-contact-relationship-GRNDSON\"> </a></td><td>grandson</td><td>grandson</td></tr><tr><td style=\"white-space:nowrap\">GRPRN<a name=\"fr-core-cs-contact-relationship-GRPRN\"> </a></td><td>grandparent</td><td>grandparent</td></tr><tr><td style=\"white-space:nowrap\">GRFTH<a name=\"fr-core-cs-contact-relationship-GRFTH\"> </a></td><td>grandfather</td><td>grandfather</td></tr><tr><td style=\"white-space:nowrap\">GRMTH<a name=\"fr-core-cs-contact-relationship-GRMTH\"> </a></td><td>grandmather</td><td>grandmather</td></tr><tr><td style=\"white-space:nowrap\">CHLDINLAW<a name=\"fr-core-cs-contact-relationship-CHLDINLAW\"> </a></td><td>child in-law</td><td>child in-law</td></tr><tr><td style=\"white-space:nowrap\">DAUINLAW<a name=\"fr-core-cs-contact-relationship-DAUINLAW\"> </a></td><td>daughter in-law</td><td>daughter in-law</td></tr><tr><td style=\"white-space:nowrap\">PRNINLAW<a name=\"fr-core-cs-contact-relationship-PRNINLAW\"> </a></td><td>parent in-law</td><td>parent in-law</td></tr><tr><td style=\"white-space:nowrap\">FTHINLAW<a name=\"fr-core-cs-contact-relationship-FTHINLAW\"> </a></td><td>father in-law</td><td>father in-law</td></tr><tr><td style=\"white-space:nowrap\">MTHINLAW<a name=\"fr-core-cs-contact-relationship-MTHINLAW\"> </a></td><td>mother in-law</td><td>mother in-law</td></tr><tr><td style=\"white-space:nowrap\">SIBINLAW<a name=\"fr-core-cs-contact-relationship-SIBINLAW\"> </a></td><td>sibbling in-law</td><td>sibbling in-law</td></tr><tr><td style=\"white-space:nowrap\">BROINLAW<a name=\"fr-core-cs-contact-relationship-BROINLAW\"> </a></td><td>brother in-law</td><td>brother in-law</td></tr><tr><td style=\"white-space:nowrap\">SISINLAW<a name=\"fr-core-cs-contact-relationship-SISINLAW\"> </a></td><td>sister in-law</td><td>sister in-law</td></tr><tr><td style=\"white-space:nowrap\">NIENEPH<a name=\"fr-core-cs-contact-relationship-NIENEPH\"> </a></td><td>niece/nephew</td><td>niece/nephew</td></tr><tr><td style=\"white-space:nowrap\">NEPHEW<a name=\"fr-core-cs-contact-relationship-NEPHEW\"> </a></td><td>nephew</td><td>nephew</td></tr><tr><td style=\"white-space:nowrap\">NIECE<a name=\"fr-core-cs-contact-relationship-NIECE\"> </a></td><td>niece</td><td>niece</td></tr><tr><td style=\"white-space:nowrap\">UNCLE<a name=\"fr-core-cs-contact-relationship-UNCLE\"> </a></td><td>uncle</td><td>uncle</td></tr><tr><td style=\"white-space:nowrap\">PRN<a name=\"fr-core-cs-contact-relationship-PRN\"> </a></td><td>parent</td><td>parent</td></tr><tr><td style=\"white-space:nowrap\">ADOPTP<a name=\"fr-core-cs-contact-relationship-ADOPTP\"> </a></td><td>adoptive parent</td><td>adoptive parent</td></tr><tr><td style=\"white-space:nowrap\">ADOPTF<a name=\"fr-core-cs-contact-relationship-ADOPTF\"> </a></td><td>adoptive father</td><td>adoptive father</td></tr><tr><td style=\"white-space:nowrap\">ADOPTM<a name=\"fr-core-cs-contact-relationship-ADOPTM\"> </a></td><td>adoptive mother</td><td>adoptive mother</td></tr><tr><td style=\"white-space:nowrap\">FTH<a name=\"fr-core-cs-contact-relationship-FTH\"> </a></td><td>father</td><td>father</td></tr><tr><td style=\"white-space:nowrap\">FTHFOST<a name=\"fr-core-cs-contact-relationship-FTHFOST\"> </a></td><td>foster father</td><td>foster father</td></tr><tr><td style=\"white-space:nowrap\">NFTH<a name=\"fr-core-cs-contact-relationship-NFTH\"> </a></td><td>natural father</td><td>natural father</td></tr><tr><td style=\"white-space:nowrap\">STPFTH<a name=\"fr-core-cs-contact-relationship-STPFTH\"> </a></td><td>step father</td><td>step father</td></tr><tr><td style=\"white-space:nowrap\">MTH<a name=\"fr-core-cs-contact-relationship-MTH\"> </a></td><td>mother</td><td>mother</td></tr><tr><td style=\"white-space:nowrap\">MTHFOST<a name=\"fr-core-cs-contact-relationship-MTHFOST\"> </a></td><td>foster mother</td><td>foster mother</td></tr><tr><td style=\"white-space:nowrap\">GESTM<a name=\"fr-core-cs-contact-relationship-GESTM\"> </a></td><td>gestational mother</td><td>gestational mother</td></tr><tr><td style=\"white-space:nowrap\">NMTH<a name=\"fr-core-cs-contact-relationship-NMTH\"> </a></td><td>natural mother</td><td>natural mother</td></tr><tr><td style=\"white-space:nowrap\">STPMTH<a name=\"fr-core-cs-contact-relationship-STPMTH\"> </a></td><td>stepmother</td><td>stepmother</td></tr><tr><td style=\"white-space:nowrap\">NPRN<a name=\"fr-core-cs-contact-relationship-NPRN\"> </a></td><td>natural parent</td><td>natural parent</td></tr><tr><td style=\"white-space:nowrap\">STPPRN<a name=\"fr-core-cs-contact-relationship-STPPRN\"> </a></td><td>step parent</td><td>step parent</td></tr><tr><td style=\"white-space:nowrap\">SIB<a name=\"fr-core-cs-contact-relationship-SIB\"> </a></td><td>sibling</td><td>sibling</td></tr><tr><td style=\"white-space:nowrap\">BRO<a name=\"fr-core-cs-contact-relationship-BRO\"> </a></td><td>brother</td><td>brother</td></tr><tr><td style=\"white-space:nowrap\">HBRO<a name=\"fr-core-cs-contact-relationship-HBRO\"> </a></td><td>half-brother</td><td>half-brother</td></tr><tr><td style=\"white-space:nowrap\">NBRO<a name=\"fr-core-cs-contact-relationship-NBRO\"> </a></td><td>natural brother</td><td>natural brother</td></tr><tr><td style=\"white-space:nowrap\">TWINBRO<a name=\"fr-core-cs-contact-relationship-TWINBRO\"> </a></td><td>twin brother</td><td>twin brother</td></tr><tr><td style=\"white-space:nowrap\">STPBRO<a name=\"fr-core-cs-contact-relationship-STPBRO\"> </a></td><td>stepbrother</td><td>stepbrother</td></tr><tr><td style=\"white-space:nowrap\">HSIB<a name=\"fr-core-cs-contact-relationship-HSIB\"> </a></td><td>half-sibling</td><td>half-sibling</td></tr><tr><td style=\"white-space:nowrap\">HSIS<a name=\"fr-core-cs-contact-relationship-HSIS\"> </a></td><td>half-sister</td><td>half-sister</td></tr><tr><td style=\"white-space:nowrap\">NSIB<a name=\"fr-core-cs-contact-relationship-NSIB\"> </a></td><td>natural sibling</td><td>natural sibling</td></tr><tr><td style=\"white-space:nowrap\">NSIS<a name=\"fr-core-cs-contact-relationship-NSIS\"> </a></td><td>natural sister</td><td>natural sister</td></tr><tr><td style=\"white-space:nowrap\">TWINSIS<a name=\"fr-core-cs-contact-relationship-TWINSIS\"> </a></td><td>twin sister</td><td>twin sister</td></tr><tr><td style=\"white-space:nowrap\">TWIN<a name=\"fr-core-cs-contact-relationship-TWIN\"> </a></td><td>twin</td><td>twin</td></tr><tr><td style=\"white-space:nowrap\">SIS<a name=\"fr-core-cs-contact-relationship-SIS\"> </a></td><td>sister</td><td>sister</td></tr><tr><td style=\"white-space:nowrap\">STPSIS<a name=\"fr-core-cs-contact-relationship-STPSIS\"> </a></td><td>stepsister</td><td>stepsister</td></tr><tr><td style=\"white-space:nowrap\">STPSIB<a name=\"fr-core-cs-contact-relationship-STPSIB\"> </a></td><td>step sibling</td><td>step sibling</td></tr><tr><td style=\"white-space:nowrap\">SIGOTHR<a name=\"fr-core-cs-contact-relationship-SIGOTHR\"> </a></td><td>significant other</td><td>significant other</td></tr><tr><td style=\"white-space:nowrap\">DOMPART<a name=\"fr-core-cs-contact-relationship-DOMPART\"> </a></td><td>domestic partner</td><td>domestic partner</td></tr><tr><td style=\"white-space:nowrap\">SPS<a name=\"fr-core-cs-contact-relationship-SPS\"> </a></td><td>spouse</td><td>spouse</td></tr><tr><td style=\"white-space:nowrap\">HUSB<a name=\"fr-core-cs-contact-relationship-HUSB\"> </a></td><td>husband</td><td>husband</td></tr><tr><td style=\"white-space:nowrap\">WIFE<a name=\"fr-core-cs-contact-relationship-WIFE\"> </a></td><td>wife</td><td>wife</td></tr><tr><td style=\"white-space:nowrap\">FRND<a name=\"fr-core-cs-contact-relationship-FRND\"> </a></td><td>unrelated friend</td><td>unrelated friend</td></tr><tr><td style=\"white-space:nowrap\">NBOR<a name=\"fr-core-cs-contact-relationship-NBOR\"> </a></td><td>neighbor</td><td>neighbor</td></tr></table></div>"},"url":"https://hl7.fr/ig/fhir/core/CodeSystem/fr-core-cs-contact-relationship","version":"2.2.0-ballot-2","name":"FRCoreCodeSystemContactRelationship","title":"FR Core CodeSystem Contact Relationship","status":"draft","experimental":false,"date":"2026-01-30T16:30:30+00:00","publisher":"Interop'Santé","contact":[{"name":"Interop'Santé","telecom":[{"system":"url","value":"http://interopsante.org"}]},{"name":"InteropSanté","telecom":[{"system":"email","value":"fhir@interopsante.org","use":"work"}]}],"description":"Relationship type","jurisdiction":[{"coding":[{"system":"urn:iso:std:iso:3166","code":"FRA","display":"France"}]}],"caseSensitive":true,"content":"complete","count":81,"concept":[{"code":"WRD","display":"Dépositaire de la tutelle judiciare","definition":"Dépositaire de la tutelle judiciare"},{"code":"GRD","display":"Tuteur","definition":"Tuteur"},{"code":"CUR","display":"Représentant légal","definition":"Représentant légal"},{"code":"CURTL","display":"Curatelle","definition":"Curatelle"},{"code":"EDUREF","display":"Educateur référent","definition":"Educateur référent"},{"code":"SVG","display":"Sauvegarde juridique","definition":"Sauvegarde juridique"},{"code":"K","display":"Personne de confiance","definition":"Personne de confiance"},{"code":"P","display":"Personne à ne pas prévenir","definition":"Personne à ne pas prévenir"},{"code":"FAMMEMB","display":"family member","definition":"family member"},{"code":"CHILD","display":"child","definition":"child"},{"code":"CHLDADOPT","display":"adopted child","definition":"adopted child"},{"code":"DAUADOPT","display":"adopted daughter","definition":"adopted daughter"},{"code":"SONADOPT","display":"adopted son","definition":"adopted son"},{"code":"CHLDFOST","display":"foster child","definition":"foster child"},{"code":"SONFOST","display":"foster son","definition":"foster son"},{"code":"DAUC","display":"daughter","definition":"daughter"},{"code":"STPDAU","display":"stepdaughter","definition":"stepdaughter"},{"code":"SONC","display":"son","definition":"son"},{"code":"STPSON","display":"stepson","definition":"stepson"},{"code":"STPCHLD","display":"step child","definition":"step child"},{"code":"EXT","display":"extended family member","definition":"extended family member"},{"code":"AUNT","display":"aunt","definition":"aunt"},{"code":"COUSN","display":"cousin","definition":"cousin"},{"code":"GGRPRN","display":"great grandparent","definition":"great grandparent"},{"code":"GGRFTH","display":"great grandfather","definition":"great grandfather"},{"code":"GGRMTH","display":"great grandmather","definition":"great grandmather"},{"code":"GRNDCHILD","display":"grandchild","definition":"grandchild"},{"code":"GRNDDAU","display":"granddaughter","definition":"granddaughter"},{"code":"GRNDSON","display":"grandson","definition":"grandson"},{"code":"GRPRN","display":"grandparent","definition":"grandparent"},{"code":"GRFTH","display":"grandfather","definition":"grandfather"},{"code":"GRMTH","display":"grandmather","definition":"grandmather"},{"code":"CHLDINLAW","display":"child in-law","definition":"child in-law"},{"code":"DAUINLAW","display":"daughter in-law","definition":"daughter in-law"},{"code":"PRNINLAW","display":"parent in-law","definition":"parent in-law"},{"code":"FTHINLAW","display":"father in-law","definition":"father in-law"},{"code":"MTHINLAW","display":"mother in-law","definition":"mother in-law"},{"code":"SIBINLAW","display":"sibbling in-law","definition":"sibbling in-law"},{"code":"BROINLAW","display":"brother in-law","definition":"brother in-law"},{"code":"SISINLAW","display":"sister in-law","definition":"sister in-law"},{"code":"NIENEPH","display":"niece/nephew","definition":"niece/nephew"},{"code":"NEPHEW","display":"nephew","definition":"nephew"},{"code":"NIECE","display":"niece","definition":"niece"},{"code":"UNCLE","display":"uncle","definition":"uncle"},{"code":"PRN","display":"parent","definition":"parent"},{"code":"ADOPTP","display":"adoptive parent","definition":"adoptive parent"},{"code":"ADOPTF","display":"adoptive father","definition":"adoptive father"},{"code":"ADOPTM","display":"adoptive mother","definition":"adoptive mother"},{"code":"FTH","display":"father","definition":"father"},{"code":"FTHFOST","display":"foster father","definition":"foster father"},{"code":"NFTH","display":"natural father","definition":"natural father"},{"code":"STPFTH","display":"step father","definition":"step father"},{"code":"MTH","display":"mother","definition":"mother"},{"code":"MTHFOST","display":"foster mother","definition":"foster mother"},{"code":"GESTM","display":"gestational mother","definition":"gestational mother"},{"code":"NMTH","display":"natural mother","definition":"natural mother"},{"code":"STPMTH","display":"stepmother","definition":"stepmother"},{"code":"NPRN","display":"natural parent","definition":"natural parent"},{"code":"STPPRN","display":"step parent","definition":"step parent"},{"code":"SIB","display":"sibling","definition":"sibling"},{"code":"BRO","display":"brother","definition":"brother"},{"code":"HBRO","display":"half-brother","definition":"half-brother"},{"code":"NBRO","display":"natural brother","definition":"natural brother"},{"code":"TWINBRO","display":"twin brother","definition":"twin brother"},{"code":"STPBRO","display":"stepbrother","definition":"stepbrother"},{"code":"HSIB","display":"half-sibling","definition":"half-sibling"},{"code":"HSIS","display":"half-sister","definition":"half-sister"},{"code":"NSIB","display":"natural sibling","definition":"natural sibling"},{"code":"NSIS","display":"natural sister","definition":"natural sister"},{"code":"TWINSIS","display":"twin sister","definition":"twin sister"},{"code":"TWIN","display":"twin","definition":"twin"},{"code":"SIS","display":"sister","definition":"sister"},{"code":"STPSIS","display":"stepsister","definition":"stepsister"},{"code":"STPSIB","display":"step sibling","definition":"step sibling"},{"code":"SIGOTHR","display":"significant other","definition":"significant other"},{"code":"DOMPART","display":"domestic partner","definition":"domestic partner"},{"code":"SPS","display":"spouse","definition":"spouse"},{"code":"HUSB","display":"husband","definition":"husband"},{"code":"WIFE","display":"wife","definition":"wife"},{"code":"FRND","display":"unrelated friend","definition":"unrelated friend"},{"code":"NBOR","display":"neighbor","definition":"neighbor"}]}