{"resourceType":"CodeSystem","id":"fr-core-cs-type-activite","meta":{"profile":["http://hl7.org/fhir/StructureDefinition/shareablecodesystem|4.0.1"]},"text":{"status":"generated","div":"<div xmlns=\"http://www.w3.org/1999/xhtml\"><p class=\"res-header-id\"><b>Narratif généré : CodeSystem fr-core-cs-type-activite</b></p><a name=\"fr-core-cs-type-activite\"> </a><a name=\"hcfr-core-cs-type-activite\"> </a><div style=\"display: inline-block; background-color: #d9e0e7; padding: 6px; margin: 4px; border: 1px solid #8da1b4; border-radius: 5px; line-height: 60%\"><p style=\"margin-bottom: 0px\"/><p style=\"margin-bottom: 0px\">Profil: <a href=\"http://hl7.org/fhir/R4/shareablecodesystem.html\">Shareable CodeSystemversion : null4.0.1)</a></p></div><p>This case-sensitive code system <code>https://hl7.fr/ig/fhir/core/CodeSystem/fr-core-cs-type-activite</code> defines the following codes:</p><table class=\"codes\"><tr><td style=\"white-space:nowrap\"><b>Code</b></td><td><b>Affichage</b></td></tr><tr><td style=\"white-space:nowrap\">01<a name=\"fr-core-cs-type-activite-01\"> </a></td><td>Administration</td></tr><tr><td style=\"white-space:nowrap\">02<a name=\"fr-core-cs-type-activite-02\"> </a></td><td>Services hôteliers et techniques</td></tr><tr><td style=\"white-space:nowrap\">03<a name=\"fr-core-cs-type-activite-03\"> </a></td><td>Hospitalisation complète (non compris hospitalisation de semaine)</td></tr><tr><td style=\"white-space:nowrap\">04<a name=\"fr-core-cs-type-activite-04\"> </a></td><td>Hospitalisation de jour</td></tr><tr><td style=\"white-space:nowrap\">05<a name=\"fr-core-cs-type-activite-05\"> </a></td><td>Hospitalisation de nuit</td></tr><tr><td style=\"white-space:nowrap\">06<a name=\"fr-core-cs-type-activite-06\"> </a></td><td>Hospitalisation à domicile</td></tr><tr><td style=\"white-space:nowrap\">07<a name=\"fr-core-cs-type-activite-07\"> </a></td><td>Consultations, soins externes</td></tr><tr><td style=\"white-space:nowrap\">08<a name=\"fr-core-cs-type-activite-08\"> </a></td><td>Bloc opératoire (y compris obstétrical et gynécologique)</td></tr><tr><td style=\"white-space:nowrap\">09<a name=\"fr-core-cs-type-activite-09\"> </a></td><td>Autres unités médico-techniques (anesthésiologie, explorations fonctionnelles, rééducation et réadaptation fonctionnelles, pharmacie)</td></tr><tr><td style=\"white-space:nowrap\">10<a name=\"fr-core-cs-type-activite-10\"> </a></td><td>Accueil des urgences</td></tr><tr><td style=\"white-space:nowrap\">11<a name=\"fr-core-cs-type-activite-11\"> </a></td><td>Hébergement complet ou internat (non compris internat de semaine)</td></tr><tr><td style=\"white-space:nowrap\">12<a name=\"fr-core-cs-type-activite-12\"> </a></td><td>Hébergement de nuit en structure regroupée</td></tr><tr><td style=\"white-space:nowrap\">13<a name=\"fr-core-cs-type-activite-13\"> </a></td><td>Semi-internat</td></tr><tr><td style=\"white-space:nowrap\">14<a name=\"fr-core-cs-type-activite-14\"> </a></td><td>Externat</td></tr><tr><td style=\"white-space:nowrap\">15<a name=\"fr-core-cs-type-activite-15\"> </a></td><td>Placement en famille d'accueil (strictement social)</td></tr><tr><td style=\"white-space:nowrap\">16<a name=\"fr-core-cs-type-activite-16\"> </a></td><td>Prestations sur le lieu de vie (non compris placement familial)</td></tr><tr><td style=\"white-space:nowrap\">17<a name=\"fr-core-cs-type-activite-17\"> </a></td><td>Internat de semaine</td></tr><tr><td style=\"white-space:nowrap\">18<a name=\"fr-core-cs-type-activite-18\"> </a></td><td>Hébergement de nuit en structure éclatée</td></tr><tr><td style=\"white-space:nowrap\">19<a name=\"fr-core-cs-type-activite-19\"> </a></td><td>Traitements et cures ambulatoires</td></tr><tr><td style=\"white-space:nowrap\">20<a name=\"fr-core-cs-type-activite-20\"> </a></td><td>Hospitalisation de semaine</td></tr><tr><td style=\"white-space:nowrap\">21<a name=\"fr-core-cs-type-activite-21\"> </a></td><td>Accueil de jour</td></tr><tr><td style=\"white-space:nowrap\">23<a name=\"fr-core-cs-type-activite-23\"> </a></td><td>Anesthésie ou chirurgie ambulatoires</td></tr><tr><td style=\"white-space:nowrap\">24<a name=\"fr-core-cs-type-activite-24\"> </a></td><td>Accueil et prise en charge en service d'accueil familial thérapeutique psychiatrique</td></tr><tr><td style=\"white-space:nowrap\">25<a name=\"fr-core-cs-type-activite-25\"> </a></td><td>Hébergement temporaire de week-end ou de vacances</td></tr><tr><td style=\"white-space:nowrap\">26<a name=\"fr-core-cs-type-activite-26\"> </a></td><td>Analyses médicales biologiques</td></tr><tr><td style=\"white-space:nowrap\">28<a name=\"fr-core-cs-type-activite-28\"> </a></td><td>Consultations dentaires et soins dentaires</td></tr><tr><td style=\"white-space:nowrap\">30<a name=\"fr-core-cs-type-activite-30\"> </a></td><td>Stockage d'organes et de produits humains</td></tr><tr><td style=\"white-space:nowrap\">31<a name=\"fr-core-cs-type-activite-31\"> </a></td><td>Transport de malades</td></tr><tr><td style=\"white-space:nowrap\">32<a name=\"fr-core-cs-type-activite-32\"> </a></td><td>Radiologie (radiodiagnostic et radiothérapie), imagerie médicale</td></tr><tr><td style=\"white-space:nowrap\">33<a name=\"fr-core-cs-type-activite-33\"> </a></td><td>Recherche</td></tr><tr><td style=\"white-space:nowrap\">34<a name=\"fr-core-cs-type-activite-34\"> </a></td><td>Enseignement</td></tr><tr><td style=\"white-space:nowrap\">37<a name=\"fr-core-cs-type-activite-37\"> </a></td><td>Accueil et prise en charge en appartement thérapeutique psychiatrique</td></tr><tr><td style=\"white-space:nowrap\">38<a name=\"fr-core-cs-type-activite-38\"> </a></td><td>Accueil et prise en charge en centre de postcure psychiatrique</td></tr><tr><td style=\"white-space:nowrap\">39<a name=\"fr-core-cs-type-activite-39\"> </a></td><td>Accueil et prise en charge en centre de crise psychiatrique</td></tr><tr><td style=\"white-space:nowrap\">40<a name=\"fr-core-cs-type-activite-40\"> </a></td><td>Commerce de détail des biens à usage médical</td></tr><tr><td style=\"white-space:nowrap\">41<a name=\"fr-core-cs-type-activite-41\"> </a></td><td>Commerce en gros de produits à usage médical ou vétérinaire</td></tr><tr><td style=\"white-space:nowrap\">97<a name=\"fr-core-cs-type-activite-97\"> </a></td><td>Activité non dénommée ailleurs</td></tr></table></div>"},"url":"https://hl7.fr/ig/fhir/core/CodeSystem/fr-core-cs-type-activite","version":"2.2.0-ballot-2","name":"FRCoreCodeSystemTypeActivite","title":"FR Core CodeSystem Type d'activité - nomenclature SAE","status":"draft","experimental":false,"date":"2026-01-30T16:30:30+00:00","publisher":"Interop'Santé","contact":[{"name":"Interop'Santé","telecom":[{"system":"url","value":"http://interopsante.org"}]},{"name":"InteropSanté","telecom":[{"system":"email","value":"fhir@interopsante.org","use":"work"}]}],"description":"La nomenclature des types d'activité de la terminologie SAE (Statistique Annuelle des Etablissements de santé) maintenue par la DREES.","jurisdiction":[{"coding":[{"system":"urn:iso:std:iso:3166","code":"FRA","display":"France"}]}],"caseSensitive":true,"content":"complete","count":37,"concept":[{"code":"01","display":"Administration","designation":[{"use":{"system":"http://terminology.hl7.org/CodeSystem/hl7TermMaintInfra","code":"preferredForLanguage"},"value":"Administration"}]},{"code":"02","display":"Services hôteliers et techniques","designation":[{"use":{"system":"http://terminology.hl7.org/CodeSystem/hl7TermMaintInfra","code":"preferredForLanguage"},"value":"Services hôteliers et techniques"}]},{"code":"03","display":"Hospitalisation complète (non compris hospitalisation de semaine)","designation":[{"use":{"system":"http://terminology.hl7.org/CodeSystem/hl7TermMaintInfra","code":"preferredForLanguage"},"value":"Hospitalisation complète (non compris hospitalisation de semaine)"}]},{"code":"04","display":"Hospitalisation de jour","designation":[{"use":{"system":"http://terminology.hl7.org/CodeSystem/hl7TermMaintInfra","code":"preferredForLanguage"},"value":"Hospitalisation de jour"}]},{"code":"05","display":"Hospitalisation de nuit","designation":[{"use":{"system":"http://terminology.hl7.org/CodeSystem/hl7TermMaintInfra","code":"preferredForLanguage"},"value":"Hospitalisation de nuit"}]},{"code":"06","display":"Hospitalisation à domicile","designation":[{"use":{"system":"http://terminology.hl7.org/CodeSystem/hl7TermMaintInfra","code":"preferredForLanguage"},"value":"Hospitalisation à domicile"}]},{"code":"07","display":"Consultations, soins externes","designation":[{"use":{"system":"http://terminology.hl7.org/CodeSystem/hl7TermMaintInfra","code":"preferredForLanguage"},"value":"Consultations, soins externes"}]},{"code":"08","display":"Bloc opératoire (y compris obstétrical et gynécologique)","designation":[{"use":{"system":"http://terminology.hl7.org/CodeSystem/hl7TermMaintInfra","code":"preferredForLanguage"},"value":"Bloc opératoire (y compris obstétrical et gynécologique)"}]},{"code":"09","display":"Autres unités médico-techniques (anesthésiologie, explorations fonctionnelles, rééducation et réadaptation fonctionnelles, pharmacie)","designation":[{"use":{"system":"http://terminology.hl7.org/CodeSystem/hl7TermMaintInfra","code":"preferredForLanguage"},"value":"Autres unités médico-techniques (anesthésiologie, explorations fonctionnelles, rééducation et réadaptation fonctionnelles, pharmacie)"}]},{"code":"10","display":"Accueil des urgences","designation":[{"use":{"system":"http://terminology.hl7.org/CodeSystem/hl7TermMaintInfra","code":"preferredForLanguage"},"value":"Accueil des urgences"}]},{"code":"11","display":"Hébergement complet ou internat (non compris internat de semaine)","designation":[{"use":{"system":"http://terminology.hl7.org/CodeSystem/hl7TermMaintInfra","code":"preferredForLanguage"},"value":"Hébergement complet ou internat (non compris internat de semaine)"}]},{"code":"12","display":"Hébergement de nuit en structure regroupée","designation":[{"use":{"system":"http://terminology.hl7.org/CodeSystem/hl7TermMaintInfra","code":"preferredForLanguage"},"value":"Hébergement de nuit en structure regroupée"}]},{"code":"13","display":"Semi-internat","designation":[{"use":{"system":"http://terminology.hl7.org/CodeSystem/hl7TermMaintInfra","code":"preferredForLanguage"},"value":"Semi-internat"}]},{"code":"14","display":"Externat","designation":[{"use":{"system":"http://terminology.hl7.org/CodeSystem/hl7TermMaintInfra","code":"preferredForLanguage"},"value":"Externat"}]},{"code":"15","display":"Placement en famille d'accueil (strictement social)","designation":[{"use":{"system":"http://terminology.hl7.org/CodeSystem/hl7TermMaintInfra","code":"preferredForLanguage"},"value":"Placement en famille d'accueil (strictement social)"}]},{"code":"16","display":"Prestations sur le lieu de vie (non compris placement familial)","designation":[{"use":{"system":"http://terminology.hl7.org/CodeSystem/hl7TermMaintInfra","code":"preferredForLanguage"},"value":"Prestations sur le lieu de vie (non compris placement familial)"}]},{"code":"17","display":"Internat de semaine","designation":[{"use":{"system":"http://terminology.hl7.org/CodeSystem/hl7TermMaintInfra","code":"preferredForLanguage"},"value":"Internat de semaine"}]},{"code":"18","display":"Hébergement de nuit en structure éclatée","designation":[{"use":{"system":"http://terminology.hl7.org/CodeSystem/hl7TermMaintInfra","code":"preferredForLanguage"},"value":"Hébergement de nuit en structure éclatée"}]},{"code":"19","display":"Traitements et cures ambulatoires","designation":[{"use":{"system":"http://terminology.hl7.org/CodeSystem/hl7TermMaintInfra","code":"preferredForLanguage"},"value":"Traitements et cures ambulatoires"}]},{"code":"20","display":"Hospitalisation de semaine","designation":[{"use":{"system":"http://terminology.hl7.org/CodeSystem/hl7TermMaintInfra","code":"preferredForLanguage"},"value":"Hospitalisation de semaine"}]},{"code":"21","display":"Accueil de jour","designation":[{"use":{"system":"http://terminology.hl7.org/CodeSystem/hl7TermMaintInfra","code":"preferredForLanguage"},"value":"Accueil de jour"}]},{"code":"23","display":"Anesthésie ou chirurgie ambulatoires","designation":[{"use":{"system":"http://terminology.hl7.org/CodeSystem/hl7TermMaintInfra","code":"preferredForLanguage"},"value":"Anesthésie ou chirurgie ambulatoires"}]},{"code":"24","display":"Accueil et prise en charge en service d'accueil familial thérapeutique psychiatrique","designation":[{"use":{"system":"http://terminology.hl7.org/CodeSystem/hl7TermMaintInfra","code":"preferredForLanguage"},"value":"Accueil et prise en charge en service d'accueil familial thérapeutique psychiatrique"}]},{"code":"25","display":"Hébergement temporaire de week-end ou de vacances","designation":[{"use":{"system":"http://terminology.hl7.org/CodeSystem/hl7TermMaintInfra","code":"preferredForLanguage"},"value":"Hébergement temporaire de week-end ou de vacances"}]},{"code":"26","display":"Analyses médicales biologiques","designation":[{"use":{"system":"http://terminology.hl7.org/CodeSystem/hl7TermMaintInfra","code":"preferredForLanguage"},"value":"Analyses médicales biologiques"}]},{"code":"28","display":"Consultations dentaires et soins dentaires","designation":[{"use":{"system":"http://terminology.hl7.org/CodeSystem/hl7TermMaintInfra","code":"preferredForLanguage"},"value":"Consultations dentaires et soins dentaires"}]},{"code":"30","display":"Stockage d'organes et de produits humains","designation":[{"use":{"system":"http://terminology.hl7.org/CodeSystem/hl7TermMaintInfra","code":"preferredForLanguage"},"value":"Stockage d'organes et de produits humains"}]},{"code":"31","display":"Transport de malades","designation":[{"use":{"system":"http://terminology.hl7.org/CodeSystem/hl7TermMaintInfra","code":"preferredForLanguage"},"value":"Transport de malades"}]},{"code":"32","display":"Radiologie (radiodiagnostic et radiothérapie), imagerie médicale","designation":[{"use":{"system":"http://terminology.hl7.org/CodeSystem/hl7TermMaintInfra","code":"preferredForLanguage"},"value":"Radiologie (radiodiagnostic et radiothérapie), imagerie médicale"}]},{"code":"33","display":"Recherche","designation":[{"use":{"system":"http://terminology.hl7.org/CodeSystem/hl7TermMaintInfra","code":"preferredForLanguage"},"value":"Recherche"}]},{"code":"34","display":"Enseignement","designation":[{"use":{"system":"http://terminology.hl7.org/CodeSystem/hl7TermMaintInfra","code":"preferredForLanguage"},"value":"Enseignement"}]},{"code":"37","display":"Accueil et prise en charge en appartement thérapeutique psychiatrique","designation":[{"use":{"system":"http://terminology.hl7.org/CodeSystem/hl7TermMaintInfra","code":"preferredForLanguage"},"value":"Accueil et prise en charge en appartement thérapeutique psychiatrique"}]},{"code":"38","display":"Accueil et prise en charge en centre de postcure psychiatrique","designation":[{"use":{"system":"http://terminology.hl7.org/CodeSystem/hl7TermMaintInfra","code":"preferredForLanguage"},"value":"Accueil et prise en charge en centre de postcure psychiatrique"}]},{"code":"39","display":"Accueil et prise en charge en centre de crise psychiatrique","designation":[{"use":{"system":"http://terminology.hl7.org/CodeSystem/hl7TermMaintInfra","code":"preferredForLanguage"},"value":"Accueil et prise en charge en centre de crise psychiatrique"}]},{"code":"40","display":"Commerce de détail des biens à usage médical","designation":[{"use":{"system":"http://terminology.hl7.org/CodeSystem/hl7TermMaintInfra","code":"preferredForLanguage"},"value":"Commerce de détail des biens à usage médical"}]},{"code":"41","display":"Commerce en gros de produits à usage médical ou vétérinaire","designation":[{"use":{"system":"http://terminology.hl7.org/CodeSystem/hl7TermMaintInfra","code":"preferredForLanguage"},"value":"Commerce en gros de produits à usage médical ou vétérinaire"}]},{"code":"97","display":"Activité non dénommée ailleurs","designation":[{"use":{"system":"http://terminology.hl7.org/CodeSystem/hl7TermMaintInfra","code":"preferredForLanguage"},"value":"Activité non dénommée ailleurs"}]}]}