{"resourceType":"CodeSystem","id":"fr-core-cs-location-type-chambre","meta":{"profile":["http://hl7.org/fhir/StructureDefinition/shareablecodesystem|4.0.1"]},"text":{"status":"generated","div":"<div xmlns=\"http://www.w3.org/1999/xhtml\"><p class=\"res-header-id\"><b>Narratif généré : CodeSystem fr-core-cs-location-type-chambre</b></p><a name=\"fr-core-cs-location-type-chambre\"> </a><a name=\"hcfr-core-cs-location-type-chambre\"> </a><div style=\"display: inline-block; background-color: #d9e0e7; padding: 6px; margin: 4px; border: 1px solid #8da1b4; border-radius: 5px; line-height: 60%\"><p style=\"margin-bottom: 0px\"/><p style=\"margin-bottom: 0px\">Profil: <a href=\"http://hl7.org/fhir/R4/shareablecodesystem.html\">Shareable CodeSystemversion : null4.0.1)</a></p></div><p>This case-sensitive code system <code>https://hl7.fr/ig/fhir/core/CodeSystem/fr-core-cs-location-type-chambre</code> defines the following codes:</p><table class=\"codes\"><tr><td style=\"white-space:nowrap\"><b>Code</b></td><td><b>Affichage</b></td></tr><tr><td style=\"white-space:nowrap\">STD<a name=\"fr-core-cs-location-type-chambre-STD\"> </a></td><td>Standard</td></tr><tr><td style=\"white-space:nowrap\">PRSN_NGTV<a name=\"fr-core-cs-location-type-chambre-PRSN_NGTV\"> </a></td><td>Pression négative</td></tr><tr><td style=\"white-space:nowrap\">PRSN_PSTV<a name=\"fr-core-cs-location-type-chambre-PRSN_PSTV\"> </a></td><td>Pression positive</td></tr><tr><td style=\"white-space:nowrap\">CRCRL<a name=\"fr-core-cs-location-type-chambre-CRCRL\"> </a></td><td>Carcéral</td></tr><tr><td style=\"white-space:nowrap\">CPTN<a name=\"fr-core-cs-location-type-chambre-CPTN\"> </a></td><td>Capitonné</td></tr></table></div>"},"url":"https://hl7.fr/ig/fhir/core/CodeSystem/fr-core-cs-location-type-chambre","version":"2.2.0-ballot-2","name":"FRCoreCodeSystemTypeChambre","title":"FR Core CodeSystem Type Chambre","status":"active","experimental":false,"date":"2026-01-30T16:30:30+00:00","publisher":"Interop'Santé","contact":[{"name":"Interop'Santé","telecom":[{"system":"url","value":"http://interopsante.org"}]},{"name":"InteropSanté","telecom":[{"system":"email","value":"fhir@interopsante.org","use":"work"}]}],"description":"Type de chambre","jurisdiction":[{"coding":[{"system":"urn:iso:std:iso:3166","code":"FRA","display":"France"}]}],"caseSensitive":true,"content":"complete","count":5,"concept":[{"code":"STD","display":"Standard","designation":[{"use":{"system":"http://terminology.hl7.org/CodeSystem/hl7TermMaintInfra","code":"preferredForLanguage"},"value":"Standard"}]},{"code":"PRSN_NGTV","display":"Pression négative","designation":[{"use":{"system":"http://terminology.hl7.org/CodeSystem/hl7TermMaintInfra","code":"preferredForLanguage"},"value":"Pression négative"}]},{"code":"PRSN_PSTV","display":"Pression positive","designation":[{"use":{"system":"http://terminology.hl7.org/CodeSystem/hl7TermMaintInfra","code":"preferredForLanguage"},"value":"Pression positive"}]},{"code":"CRCRL","display":"Carcéral","designation":[{"use":{"system":"http://terminology.hl7.org/CodeSystem/hl7TermMaintInfra","code":"preferredForLanguage"},"value":"Carcéral"}]},{"code":"CPTN","display":"Capitonné","designation":[{"use":{"system":"http://terminology.hl7.org/CodeSystem/hl7TermMaintInfra","code":"preferredForLanguage"},"value":"Capitonné"}]}]}