{"resourceType":"ValueSet","id":"fr-core-vs-organization-type","meta":{"profile":["http://hl7.org/fhir/StructureDefinition/shareablevalueset|4.0.1"]},"text":{"status":"generated","div":"<div xmlns=\"http://www.w3.org/1999/xhtml\"><p class=\"res-header-id\"><b>Narratif généré : EnsembleValeurs fr-core-vs-organization-type</b></p><a name=\"fr-core-vs-organization-type\"> </a><a name=\"hcfr-core-vs-organization-type\"> </a><div style=\"display: inline-block; background-color: #d9e0e7; padding: 6px; margin: 4px; border: 1px solid #8da1b4; border-radius: 5px; line-height: 60%\"><p style=\"margin-bottom: 0px\"/><p style=\"margin-bottom: 0px\">Profil: <a href=\"http://hl7.org/fhir/R4/shareablevalueset.html\">Shareable ValueSetversion : null4.0.1)</a></p></div><ul><li>Include ce(s) code(s) tel quil(s) est (sont) défini(s) dans <a href=\"CodeSystem-fr-core-cs-v2-3307.html\"><code>https://hl7.fr/ig/fhir/core/CodeSystem/fr-core-cs-v2-3307</code></a><span title=\"La version nest pas explicitement indiquée, ce qui signifie quelle est fixée à la version fournie dans cette spécification\"> version &#x1F4E6;2.2.0-ballot-2</span><table class=\"none\"><tr><td style=\"white-space:nowrap\"><b>Code</b></td><td><b>Affichage</b></td></tr><tr><td><a href=\"CodeSystem-fr-core-cs-v2-3307.html#fr-core-cs-v2-3307-GHT\">GHT</a></td><td>Groupement hospitalier de territoire</td></tr><tr><td><a href=\"CodeSystem-fr-core-cs-v2-3307.html#fr-core-cs-v2-3307-GROUP\">GROUP</a></td><td>Groupe privé / hospitalier</td></tr><tr><td><a href=\"CodeSystem-fr-core-cs-v2-3307.html#fr-core-cs-v2-3307-STRUCT-INTERNE\">STRUCT-INTERNE</a></td><td>Structure interne</td></tr><tr><td><a href=\"CodeSystem-fr-core-cs-v2-3307.html#fr-core-cs-v2-3307-SECTEUR\">SECTEUR</a></td><td>Secteur</td></tr><tr><td><a href=\"CodeSystem-fr-core-cs-v2-3307.html#fr-core-cs-v2-3307-DEPARTEMENT\">DEPARTEMENT</a></td><td>Département</td></tr><tr><td><a href=\"CodeSystem-fr-core-cs-v2-3307.html#fr-core-cs-v2-3307-SERVICE\">SERVICE</a></td><td>Service</td></tr><tr><td><a href=\"CodeSystem-fr-core-cs-v2-3307.html#fr-core-cs-v2-3307-UM\">UM</a></td><td>Unité médicale</td></tr><tr><td><a href=\"CodeSystem-fr-core-cs-v2-3307.html#fr-core-cs-v2-3307-POLE\">POLE</a></td><td>Pole</td></tr><tr><td><a href=\"CodeSystem-fr-core-cs-v2-3307.html#fr-core-cs-v2-3307-CENTRE-RESP\">CENTRE-RESP</a></td><td>Centre de responsabilité</td></tr><tr><td><a href=\"CodeSystem-fr-core-cs-v2-3307.html#fr-core-cs-v2-3307-CENTRE-ACTIVITE\">CENTRE-ACTIVITE</a></td><td>Centre d'activité</td></tr></table></li></ul></div>"},"url":"https://hl7.fr/ig/fhir/core/ValueSet/fr-core-vs-organization-type","version":"2.2.0-ballot-2","name":"FRCoreValueSetOrganizationType","title":"FR Core ValueSet Organization type","status":"active","experimental":false,"date":"2026-01-30T16:30:30+00:00","publisher":"Interop'Santé","contact":[{"name":"Interop'Santé","telecom":[{"system":"url","value":"http://interopsante.org"}]},{"name":"InteropSanté","telecom":[{"system":"email","value":"fhir@interopsante.org","use":"work"}]}],"description":"Types de structures","jurisdiction":[{"coding":[{"system":"urn:iso:std:iso:3166","code":"FRA","display":"France"}]}],"compose":{"include":[{"system":"https://hl7.fr/ig/fhir/core/CodeSystem/fr-core-cs-v2-3307","concept":[{"code":"GHT","display":"Groupement hospitalier de territoire"},{"code":"GROUP","display":"Groupe privé / hospitalier"},{"code":"STRUCT-INTERNE","display":"Structure interne"},{"code":"SECTEUR","display":"Secteur"},{"code":"DEPARTEMENT","display":"Département"},{"code":"SERVICE","display":"Service"},{"code":"UM","display":"Unité médicale"},{"code":"POLE","display":"Pole"},{"code":"CENTRE-RESP","display":"Centre de responsabilité"},{"code":"CENTRE-ACTIVITE","display":"Centre d'activité"}]}]}}