{"resourceType":"ValueSet","id":"fr-core-vs-location-position-lit","meta":{"profile":["http://hl7.org/fhir/StructureDefinition/shareablevalueset|4.0.1"]},"text":{"status":"generated","div":"<div xmlns=\"http://www.w3.org/1999/xhtml\"><p class=\"res-header-id\"><b>Narratif généré : EnsembleValeurs fr-core-vs-location-position-lit</b></p><a name=\"fr-core-vs-location-position-lit\"> </a><a name=\"hcfr-core-vs-location-position-lit\"> </a><div style=\"display: inline-block; background-color: #d9e0e7; padding: 6px; margin: 4px; border: 1px solid #8da1b4; border-radius: 5px; line-height: 60%\"><p style=\"margin-bottom: 0px\"/><p style=\"margin-bottom: 0px\">Profil: <a href=\"http://hl7.org/fhir/R4/shareablevalueset.html\">Shareable ValueSetversion : null4.0.1)</a></p></div><ul><li>Include tous les codes définis dans <a href=\"CodeSystem-fr-core-cs-location-position-lit.html\"><code>https://hl7.fr/ig/fhir/core/CodeSystem/fr-core-cs-location-position-lit</code></a><span title=\"La version nest pas explicitement indiquée, ce qui signifie quelle est fixée à la version fournie dans cette spécification\"> version &#x1F4E6;2.2.0-ballot-2</span></li></ul></div>"},"url":"https://hl7.fr/ig/fhir/core/ValueSet/fr-core-vs-location-position-lit","version":"2.2.0-ballot-2","name":"FRCoreValueSetLocationPositionLit","title":"FR Core ValueSet Location Position Lit","status":"active","experimental":false,"date":"2026-01-30T16:30:30+00:00","publisher":"Interop'Santé","contact":[{"name":"Interop'Santé","telecom":[{"system":"url","value":"http://interopsante.org"}]},{"name":"InteropSanté","telecom":[{"system":"email","value":"fhir@interopsante.org","use":"work"}]}],"description":"Position du lit dans la chambre","jurisdiction":[{"coding":[{"system":"urn:iso:std:iso:3166","code":"FRA","display":"France"}]}],"compose":{"include":[{"system":"https://hl7.fr/ig/fhir/core/CodeSystem/fr-core-cs-location-position-lit"}]}}