{"resourceType":"ValueSet","id":"fr-core-vs-patient-identifier-use-ins","meta":{"profile":["http://hl7.org/fhir/StructureDefinition/shareablevalueset|4.0.1"]},"text":{"status":"extensions","div":"<div xmlns=\"http://www.w3.org/1999/xhtml\"><p class=\"res-header-id\"><b>Narratif généré : EnsembleValeurs fr-core-vs-patient-identifier-use-ins</b></p><a name=\"fr-core-vs-patient-identifier-use-ins\"> </a><a name=\"hcfr-core-vs-patient-identifier-use-ins\"> </a><div style=\"display: inline-block; background-color: #d9e0e7; padding: 6px; margin: 4px; border: 1px solid #8da1b4; border-radius: 5px; line-height: 60%\"><p style=\"margin-bottom: 0px\"/><p style=\"margin-bottom: 0px\">Profil: <a href=\"http://hl7.org/fhir/R4/shareablevalueset.html\">Shareable ValueSetversion : null4.0.1)</a></p></div><ul><li>Include ce(s) code(s) tel quil(s) est (sont) défini(s) dans <a href=\"http://hl7.org/fhir/R4/codesystem-identifier-use.html\"><code>http://hl7.org/fhir/identifier-use</code></a><span title=\"La version nest pas explicitement indiquée, ce qui signifie quelle est fixée à 4.0.1, la version trouvée via les références de package\"> version &#x1F4E6;4.0.1</span><table class=\"none\"><tr><td style=\"white-space:nowrap\"><b>Code</b></td><td><b>Affichage</b></td><td><b>Définition</b></td></tr><tr><td><a href=\"http://hl7.org/fhir/R4/codesystem-identifier-use.html#identifier-use-official\">official</a></td><td style=\"color: #cccccc\">Official</td><td>The identifier considered to be most trusted for the identification of this item. Sometimes also known as &quot;primary&quot; and &quot;main&quot;. The determination of &quot;official&quot; is subjective and implementation guides often provide additional guidelines for use.</td></tr><tr><td><a href=\"http://hl7.org/fhir/R4/codesystem-identifier-use.html#identifier-use-old\">old</a></td><td style=\"color: #cccccc\">Old</td><td>The identifier id no longer considered valid, but may be relevant for search purposes.  E.g. Changes to identifier schemes, account merges, etc.</td></tr></table></li></ul></div>"},"url":"https://hl7.fr/ig/fhir/core/ValueSet/fr-core-vs-patient-identifier-use-ins","version":"2.2.0-ballot-2","name":"FRCoreValueSetPatientIdentifierUseINS","title":"FR Core ValueSet Patient identifier use INS","status":"active","experimental":false,"date":"2026-01-30T16:30:30+00:00","publisher":"Interop'Santé","contact":[{"name":"Interop'Santé","telecom":[{"system":"url","value":"http://interopsante.org"}]},{"name":"InteropSanté","telecom":[{"system":"email","value":"fhir@interopsante.org","use":"work"}]}],"description":"Use autorisés pour l'identifiant national de santé.\r\nAuthorized use for INS identifier.","jurisdiction":[{"coding":[{"system":"urn:iso:std:iso:3166","code":"FRA","display":"France"}]}],"compose":{"include":[{"system":"http://hl7.org/fhir/identifier-use","concept":[{"code":"official"},{"code":"old"}]}]}}