{"resourceType":"ValueSet","id":"fr-core-vs-bp-meas-body-location","meta":{"profile":["http://hl7.org/fhir/StructureDefinition/shareablevalueset|4.0.1"]},"text":{"status":"generated","div":"<div xmlns=\"http://www.w3.org/1999/xhtml\"><p class=\"res-header-id\"><b>Narratif généré : EnsembleValeurs fr-core-vs-bp-meas-body-location</b></p><a name=\"fr-core-vs-bp-meas-body-location\"> </a><a name=\"hcfr-core-vs-bp-meas-body-location\"> </a><div style=\"display: inline-block; background-color: #d9e0e7; padding: 6px; margin: 4px; border: 1px solid #8da1b4; border-radius: 5px; line-height: 60%\"><p style=\"margin-bottom: 0px\"/><p style=\"margin-bottom: 0px\">Profil: <a href=\"http://hl7.org/fhir/R4/shareablevalueset.html\">Shareable ValueSetversion : null4.0.1)</a></p></div><ul><li>Include ce(s) code(s) tel quil(s) est (sont) défini(s) dans <a href=\"http://www.snomed.org/\"><code>http://snomed.info/sct</code></a><span title=\"La version nest pas explicitement indiquée. Aucun {0} correspondant trouvé\"> version Non précisé (utilise la dernière version provenant du serveur de terminologie)</span><table class=\"none\"><tr><td style=\"white-space:nowrap\"><b>Code</b></td><td><b>Affichage</b></td></tr><tr><td><a href=\"http://snomed.info/id/49256001\">49256001</a></td><td>Structure of dorsal digital artery of foot (body structure)</td></tr><tr><td><a href=\"http://snomed.info/id/368469003\">368469003</a></td><td>Structure of proper volar digital arteries (body structure)</td></tr><tr><td><a href=\"http://snomed.info/id/17137000\">17137000</a></td><td>Structure of brachial artery (body structure)</td></tr><tr><td><a href=\"http://snomed.info/id/723961002\">723961002</a></td><td>Structure of left brachial artery (body structure)</td></tr><tr><td><a href=\"http://snomed.info/id/723962009\">723962009</a></td><td>Structure of right brachial artery (body structure)</td></tr><tr><td><a href=\"http://snomed.info/id/7657000\">7657000</a></td><td>Structure of femoral artery (body structure)</td></tr><tr><td><a href=\"http://snomed.info/id/113270003\">113270003</a></td><td>Structure of left femoral artery (body structure)</td></tr><tr><td><a href=\"http://snomed.info/id/69833005\">69833005</a></td><td>Structure of right femoral artery (body structure)</td></tr><tr><td><a href=\"http://snomed.info/id/45631007\">45631007</a></td><td>Structure of radial artery (body structure)</td></tr><tr><td><a href=\"http://snomed.info/id/368504007\">368504007</a></td><td>Structure of left radial artery (body structure)</td></tr><tr><td><a href=\"http://snomed.info/id/368503001\">368503001</a></td><td>Structure of right radial artery (body structure)</td></tr><tr><td><a href=\"http://snomed.info/id/13363002\">13363002</a></td><td>Structure of posterior tibial artery (body structure)</td></tr><tr><td><a href=\"http://snomed.info/id/214912001\">214912001</a></td><td>Structure of left posterior tibial artery (body structure)</td></tr><tr><td><a href=\"http://snomed.info/id/214811007\">214811007</a></td><td>Structure of right posterior tibial artery (body structure)</td></tr><tr><td><a href=\"http://snomed.info/id/54247002\">54247002</a></td><td>Ascending aorta structure (body structure)</td></tr><tr><td><a href=\"http://snomed.info/id/281130003\">281130003</a></td><td>Descending aorta structure (body structure)</td></tr><tr><td><a href=\"http://snomed.info/id/57034009\">57034009</a></td><td>Aortic arch structure (body structure)</td></tr><tr><td><a href=\"http://snomed.info/id/7832008\">7832008</a></td><td>Abdominal aorta structure (body structure)</td></tr></table></li></ul></div>"},"url":"https://hl7.fr/ig/fhir/core/ValueSet/fr-core-vs-bp-meas-body-location","version":"2.2.0-ballot-2","name":"FRCoreValueSetBloodPressureMeasurementBodyLocation","title":"Blood Pressure Measurement Body Location Precoordinated value set","status":"active","experimental":false,"date":"2026-01-30T16:30:30+00:00","publisher":"Interop'Santé","contact":[{"name":"Interop'Santé","telecom":[{"system":"url","value":"http://interopsante.org"}]},{"name":"InteropSanté","telecom":[{"system":"email","value":"fhir@interopsante.org","use":"work"}]}],"description":"SELECT SNOMED CT code system values that describe the location on the body where the blood pressure was measured.","jurisdiction":[{"coding":[{"system":"urn:iso:std:iso:3166","code":"FRA","display":"France"}]}],"compose":{"include":[{"system":"http://snomed.info/sct","concept":[{"code":"49256001","display":"Structure of dorsal digital artery of foot (body structure)"},{"code":"368469003","display":"Structure of proper volar digital arteries (body structure)"},{"code":"17137000","display":"Structure of brachial artery (body structure)"},{"code":"723961002","display":"Structure of left brachial artery (body structure)"},{"code":"723962009","display":"Structure of right brachial artery (body structure)"},{"code":"7657000","display":"Structure of femoral artery (body structure)"},{"code":"113270003","display":"Structure of left femoral artery (body structure)"},{"code":"69833005","display":"Structure of right femoral artery (body structure)"},{"code":"45631007","display":"Structure of radial artery (body structure)"},{"code":"368504007","display":"Structure of left radial artery (body structure)"},{"code":"368503001","display":"Structure of right radial artery (body structure)"},{"code":"13363002","display":"Structure of posterior tibial artery (body structure)"},{"code":"214912001","display":"Structure of left posterior tibial artery (body structure)"},{"code":"214811007","display":"Structure of right posterior tibial artery (body structure)"},{"code":"54247002","display":"Ascending aorta structure (body structure)"},{"code":"281130003","display":"Descending aorta structure (body structure)"},{"code":"57034009","display":"Aortic arch structure (body structure)"},{"code":"7832008","display":"Abdominal aorta structure (body structure)"}]}]}}