{"resourceType":"ValueSet","id":"fr-core-vs-encounter-type","meta":{"profile":["http://hl7.org/fhir/StructureDefinition/shareablevalueset|4.0.1"]},"text":{"status":"extensions","div":"<div xmlns=\"http://www.w3.org/1999/xhtml\"><p class=\"res-header-id\"><b>Narratif généré : EnsembleValeurs fr-core-vs-encounter-type</b></p><a name=\"fr-core-vs-encounter-type\"> </a><a name=\"hcfr-core-vs-encounter-type\"> </a><div style=\"display: inline-block; background-color: #d9e0e7; padding: 6px; margin: 4px; border: 1px solid #8da1b4; border-radius: 5px; line-height: 60%\"><p style=\"margin-bottom: 0px\"/><p style=\"margin-bottom: 0px\">Profil: <a href=\"http://hl7.org/fhir/R4/shareablevalueset.html\">Shareable ValueSetversion : null4.0.1)</a></p></div><p>Ce jeu de valeur (ValueSet) inclut les codes selon les règles suivantes :</p><ul><li>Inclut ce(s) code(s) tel quil(s) est (sont) défini(s) dans <a href=\"http://terminology.hl7.org/7.0.1/CodeSystem-v2-0007.html\"><code>http://terminology.hl7.org/CodeSystem/v2-0007</code></a><span title=\"La version nest pas explicitement indiquée, ce qui signifie quelle est fixée à 3.0.0, la version trouvée via les références de package\"> version &#x1F4E6;3.0.0</span><table class=\"none\"><tr><td style=\"white-space:nowrap\"><b>Code</b></td><td><b>Affichage</b></td><td><b>Définition</b></td></tr><tr><td><a href=\"http://terminology.hl7.org/7.0.1/CodeSystem-v2-0007.html#v2-0007-C\">C</a></td><td>Elective/Confort|Confort</td><td>Elective</td></tr><tr><td><a href=\"http://terminology.hl7.org/7.0.1/CodeSystem-v2-0007.html#v2-0007-L\">L</a></td><td>Labor and delivery|Accouchement maternité</td><td>Labor and Delivery</td></tr><tr><td><a href=\"http://terminology.hl7.org/7.0.1/CodeSystem-v2-0007.html#v2-0007-N\">N</a></td><td>Newborn (Birth in healthcare facility)|Nouveau né</td><td>Newborn (Birth in healthcare facility)</td></tr><tr><td><a href=\"http://terminology.hl7.org/7.0.1/CodeSystem-v2-0007.html#v2-0007-R\">R</a></td><td>Routine|Séance</td><td>Routine</td></tr><tr><td><a href=\"http://terminology.hl7.org/7.0.1/CodeSystem-v2-0007.html#v2-0007-U\">U</a></td><td>Emergency|Caractère d’urgence aigue du problème quel que soit le service d’entrée</td><td>Urgent</td></tr></table></li><li>Inclut ce(s) code(s) tel quil(s) est (sont) défini(s) dans <a href=\"CodeSystem-fr-core-cs-type-admission.html\"><code>https://hl7.fr/ig/fhir/core/CodeSystem/fr-core-cs-type-admission</code></a><span title=\"La version nest pas explicitement indiquée, ce qui signifie quelle est fixée à la version fournie dans cette spécification\"> version &#x1F4E6;2.2.0-ballot-2</span><table class=\"none\"><tr><td style=\"white-space:nowrap\"><b>Code</b></td><td><b>Affichage</b></td><td><b>Définition</b></td></tr><tr><td><a href=\"CodeSystem-fr-core-cs-type-admission.html#fr-core-cs-type-admission-RM\">RM</a></td><td>Rétrocession de médicament</td><td>Rétrocession de médicament</td></tr><tr><td><a href=\"CodeSystem-fr-core-cs-type-admission.html#fr-core-cs-type-admission-IE\">IE</a></td><td>Prestation inter-établissements</td><td>Prestation inter-établissements</td></tr></table></li></ul></div>"},"extension":[{"url":"http://hl7.org/fhir/StructureDefinition/valueset-warning","valueMarkdown":"Types are for general categories of identifiers. See [the identifier registry](identifier-registry.html) for a list of common identifier systems"},{"url":"http://hl7.org/fhir/StructureDefinition/structuredefinition-standards-status","valueCode":"informative"},{"url":"http://hl7.org/fhir/StructureDefinition/structuredefinition-fmm","valueInteger":1},{"url":"http://hl7.org/fhir/StructureDefinition/structuredefinition-wg","valueCode":"fhir"}],"url":"https://hl7.fr/ig/fhir/core/ValueSet/fr-core-vs-encounter-type","version":"2.2.0-ballot-2","name":"FRCoreValueSetEncounterType","title":"FR Core ValueSet Encounter type","status":"active","experimental":false,"date":"2026-01-30T16:30:30+00:00","publisher":"Interop'Santé","contact":[{"name":"Interop'Santé","telecom":[{"system":"url","value":"http://interopsante.org"}]},{"name":"InteropSanté","telecom":[{"system":"email","value":"fhir@interopsante.org","use":"work"}]}],"description":"Jeu de valeurs des types de rencontre.\r\nA coded type for an encounter","jurisdiction":[{"coding":[{"system":"urn:iso:std:iso:3166","code":"FRA","display":"France"}]}],"compose":{"include":[{"system":"http://terminology.hl7.org/CodeSystem/v2-0007","concept":[{"code":"C","display":"Elective/Confort|Confort"},{"code":"L","display":"Labor and delivery|Accouchement maternité"},{"code":"N","display":"Newborn (Birth in healthcare facility)|Nouveau né"},{"code":"R","display":"Routine|Séance"},{"code":"U","display":"Emergency|Caractère d’urgence aigue du problème quel que soit le service d’entrée"}]},{"system":"https://hl7.fr/ig/fhir/core/CodeSystem/fr-core-cs-type-admission","concept":[{"code":"RM","display":"Rétrocession de médicament"},{"code":"IE","display":"Prestation inter-établissements"}]}]}}