<?xml version="1.0" encoding="UTF-8"?><CodeSystem xmlns="http://hl7.org/fhir"><id value="fr-core-cs-fiabilite-identite"/><meta><profile value="http://hl7.org/fhir/StructureDefinition/shareablecodesystem|4.0.1"/></meta><text><status value="generated"/><div xmlns="http://www.w3.org/1999/xhtml"><p class="res-header-id"><b>Narratif généré : CodeSystem fr-core-cs-fiabilite-identite</b></p><a name="fr-core-cs-fiabilite-identite"> </a><a name="hcfr-core-cs-fiabilite-identite"> </a><div style="display: inline-block; background-color: #d9e0e7; padding: 6px; margin: 4px; border: 1px solid #8da1b4; border-radius: 5px; line-height: 60%"><p style="margin-bottom: 0px"/><p style="margin-bottom: 0px">Profil: <a href="http://hl7.org/fhir/R4/shareablecodesystem.html">Shareable CodeSystemversion : null4.0.1)</a></p></div><p>This case-sensitive code system <code>https://hl7.fr/ig/fhir/core/CodeSystem/fr-core-cs-fiabilite-identite</code> defines the following codes:</p><table class="codes"><tr><td style="white-space:nowrap"><b>Code</b></td><td><b>Affichage</b></td><td><b>Définition</b></td></tr><tr><td style="white-space:nowrap">VIDE<a name="fr-core-cs-fiabilite-identite-VIDE"> </a></td><td>Identité non encore qualifiée</td><td>Identité non encore qualifiée</td></tr><tr><td style="white-space:nowrap">PROV<a name="fr-core-cs-fiabilite-identite-PROV"> </a></td><td>Identité provisoire</td><td>Identité provisoire</td></tr><tr><td style="white-space:nowrap">VALI<a name="fr-core-cs-fiabilite-identite-VALI"> </a></td><td>Identité validée</td><td>Identité validée</td></tr><tr><td style="white-space:nowrap">DOUB<a name="fr-core-cs-fiabilite-identite-DOUB"> </a></td><td>Doublon</td><td>Doublon</td></tr><tr><td style="white-space:nowrap">DESA<a name="fr-core-cs-fiabilite-identite-DESA"> </a></td><td>Identité désactivée</td><td>Identité désactivée</td></tr><tr><td style="white-space:nowrap">DPOT<a name="fr-core-cs-fiabilite-identite-DPOT"> </a></td><td>Doublon potentiel</td><td>Doublon potentiel</td></tr><tr><td style="white-space:nowrap">DOUA<a name="fr-core-cs-fiabilite-identite-DOUA"> </a></td><td>Doublon avéré</td><td>Doublon avéré</td></tr><tr><td style="white-space:nowrap">COLP<a name="fr-core-cs-fiabilite-identite-COLP"> </a></td><td>Collision potentielle</td><td>Collision potentielle</td></tr><tr><td style="white-space:nowrap">COLV<a name="fr-core-cs-fiabilite-identite-COLV"> </a></td><td>Collision avérée</td><td>Collision avérée</td></tr><tr><td style="white-space:nowrap">FILI<a name="fr-core-cs-fiabilite-identite-FILI"> </a></td><td>Filiation</td><td>Filiation</td></tr><tr><td style="white-space:nowrap">CACH<a name="fr-core-cs-fiabilite-identite-CACH"> </a></td><td>Identité cachée</td><td>Identité cachée</td></tr><tr><td style="white-space:nowrap">ANOM<a name="fr-core-cs-fiabilite-identite-ANOM"> </a></td><td>Anonyme</td><td>Anonyme</td></tr><tr><td style="white-space:nowrap">IDVER<a name="fr-core-cs-fiabilite-identite-IDVER"> </a></td><td>Identité vérifiée par le patient</td><td>Identité vérifiée par le patient</td></tr><tr><td style="white-space:nowrap">RECD<a name="fr-core-cs-fiabilite-identite-RECD"> </a></td><td>Identité reçue d'un autre domaine</td><td>Identité reçue d'un autre domaine</td></tr><tr><td style="white-space:nowrap">IDRA<a name="fr-core-cs-fiabilite-identite-IDRA"> </a></td><td>Identité rapprochée dans un autre domaine</td><td>Identité rapprochée dans un autre domaine</td></tr><tr><td style="white-space:nowrap">USUR<a name="fr-core-cs-fiabilite-identite-USUR"> </a></td><td>Identité usurpée</td><td>Identité usurpée</td></tr><tr><td style="white-space:nowrap">HOMD<a name="fr-core-cs-fiabilite-identite-HOMD"> </a></td><td>Homonyme détecté</td><td>Homonyme détecté</td></tr><tr><td style="white-space:nowrap">INVA<a name="fr-core-cs-fiabilite-identite-INVA"> </a></td><td>Identité invalidée</td><td>Identité invalidée</td></tr><tr><td style="white-space:nowrap">HOMA<a name="fr-core-cs-fiabilite-identite-HOMA"> </a></td><td>Homonyme avéré (attribut d'identité homonyme)</td><td>Homonyme avéré (attribut d'identité homonyme)</td></tr><tr><td style="white-space:nowrap">FICT<a name="fr-core-cs-fiabilite-identite-FICT"> </a></td><td>Identité fictive (attribut d'identité fictive)</td><td>Identité fictive (attribut d'identité fictive)</td></tr><tr><td style="white-space:nowrap">DOUT<a name="fr-core-cs-fiabilite-identite-DOUT"> </a></td><td>Identité douteuse (attribut d'identité douteuse)</td><td>Identité douteuse (attribut d'identité douteuse)</td></tr></table></div></text><url value="https://hl7.fr/ig/fhir/core/CodeSystem/fr-core-cs-fiabilite-identite"/><identifier><system value="http://terminology.hl7.org/CodeSystem/v2-tables"/><value value="urn:oid:2.16.840.1.113883.12.445"/></identifier><version value="2.2.0-ballot-2"/><name value="FRCoreCodeSystemReliabilityIdentity"/><title value="FR Core CodeSystem Fiabilité Identité"/><status value="active"/><experimental value="false"/><date value="2026-01-30T16:30:30+00:00"/><publisher value="Interop'Santé"/><contact><name value="Interop'Santé"/><telecom><system value="url"/><value value="http://interopsante.org"/></telecom></contact><contact><name value="InteropSanté"/><telecom><system value="email"/><value value="fhir@interopsante.org"/><use value="work"/></telecom></contact><description value="French Identity reliabilty codes"/><jurisdiction><coding><system value="urn:iso:std:iso:3166"/><code value="FRA"/><display value="France"/></coding></jurisdiction><caseSensitive value="true"/><content value="complete"/><count value="21"/><concept><code value="VIDE"/><display value="Identité non encore qualifiée"/><definition value="Identité non encore qualifiée"/></concept><concept><code value="PROV"/><display value="Identité provisoire"/><definition value="Identité provisoire"/></concept><concept><code value="VALI"/><display value="Identité validée"/><definition value="Identité validée"/></concept><concept><code value="DOUB"/><display value="Doublon"/><definition value="Doublon"/></concept><concept><code value="DESA"/><display value="Identité désactivée"/><definition value="Identité désactivée"/></concept><concept><code value="DPOT"/><display value="Doublon potentiel"/><definition value="Doublon potentiel"/></concept><concept><code value="DOUA"/><display value="Doublon avéré"/><definition value="Doublon avéré"/></concept><concept><code value="COLP"/><display value="Collision potentielle"/><definition value="Collision potentielle"/></concept><concept><code value="COLV"/><display value="Collision avérée"/><definition value="Collision avérée"/></concept><concept><code value="FILI"/><display value="Filiation"/><definition value="Filiation"/></concept><concept><code value="CACH"/><display value="Identité cachée"/><definition value="Identité cachée"/></concept><concept><code value="ANOM"/><display value="Anonyme"/><definition value="Anonyme"/></concept><concept><code value="IDVER"/><display value="Identité vérifiée par le patient"/><definition value="Identité vérifiée par le patient"/></concept><concept><code value="RECD"/><display value="Identité reçue d'un autre domaine"/><definition value="Identité reçue d'un autre domaine"/></concept><concept><code value="IDRA"/><display value="Identité rapprochée dans un autre domaine"/><definition value="Identité rapprochée dans un autre domaine"/></concept><concept><code value="USUR"/><display value="Identité usurpée"/><definition value="Identité usurpée"/></concept><concept><code value="HOMD"/><display value="Homonyme détecté"/><definition value="Homonyme détecté"/></concept><concept><code value="INVA"/><display value="Identité invalidée"/><definition value="Identité invalidée"/></concept><concept><code value="HOMA"/><display value="Homonyme avéré (attribut d'identité homonyme)"/><definition value="Homonyme avéré (attribut d'identité homonyme)"/></concept><concept><code value="FICT"/><display value="Identité fictive (attribut d'identité fictive)"/><definition value="Identité fictive (attribut d'identité fictive)"/></concept><concept><code value="DOUT"/><display value="Identité douteuse (attribut d'identité douteuse)"/><definition value="Identité douteuse (attribut d'identité douteuse)"/></concept></CodeSystem>