<?xml version="1.0" encoding="UTF-8"?><CodeSystem xmlns="http://hl7.org/fhir"><id value="fr-core-cs-location-identifier-type"/><meta><profile value="http://hl7.org/fhir/StructureDefinition/shareablecodesystem|4.0.1"/></meta><text><status value="generated"/><div xmlns="http://www.w3.org/1999/xhtml"><p class="res-header-id"><b>Narratif généré : CodeSystem fr-core-cs-location-identifier-type</b></p><a name="fr-core-cs-location-identifier-type"> </a><a name="hcfr-core-cs-location-identifier-type"> </a><div style="display: inline-block; background-color: #d9e0e7; padding: 6px; margin: 4px; border: 1px solid #8da1b4; border-radius: 5px; line-height: 60%"><p style="margin-bottom: 0px"/><p style="margin-bottom: 0px">Profil: <a href="http://hl7.org/fhir/R4/shareablecodesystem.html">Shareable CodeSystemversion : null4.0.1)</a></p></div><p>This case-sensitive code system <code>https://hl7.fr/ig/fhir/core/CodeSystem/fr-core-cs-location-identifier-type</code> defines the following codes:</p><table class="codes"><tr><td style="white-space:nowrap"><b>Code</b></td><td><b>Affichage</b></td><td><b>Définition</b></td></tr><tr><td style="white-space:nowrap">INTRN<a name="fr-core-cs-location-identifier-type-INTRN"> </a></td><td>Identifiant interne</td><td>Identifiant interne</td></tr><tr><td style="white-space:nowrap">EXTRN<a name="fr-core-cs-location-identifier-type-EXTRN"> </a></td><td>Identifiant externe</td><td>Identifiant externe</td></tr><tr><td style="white-space:nowrap">GLBL<a name="fr-core-cs-location-identifier-type-GLBL"> </a></td><td>Identifiant global</td><td>Identifiant global</td></tr><tr><td style="white-space:nowrap">IDNST<a name="fr-core-cs-location-identifier-type-IDNST"> </a></td><td>Identification nationale de structure définie par l'ANS dans le CI-SIS</td><td>Identification nationale de structure définie par l'ANS dans le CI-SIS</td></tr></table></div></text><url value="https://hl7.fr/ig/fhir/core/CodeSystem/fr-core-cs-location-identifier-type"/><version value="2.2.0-ballot-2"/><name value="FRCoreCodeSystemLocationIdentifierType"/><title value="FR Core CodeSystem Location Identifier Type"/><status value="draft"/><experimental value="false"/><date value="2026-01-30T16:30:30+00:00"/><publisher value="Interop'Santé"/><contact><name value="Interop'Santé"/><telecom><system value="url"/><value value="http://interopsante.org"/></telecom></contact><contact><name value="InteropSanté"/><telecom><system value="email"/><value value="fhir@interopsante.org"/><use value="work"/></telecom></contact><description value="Location identifier type"/><jurisdiction><coding><system value="urn:iso:std:iso:3166"/><code value="FRA"/><display value="France"/></coding></jurisdiction><caseSensitive value="true"/><content value="complete"/><count value="4"/><concept><code value="INTRN"/><display value="Identifiant interne"/><definition value="Identifiant interne"/></concept><concept><code value="EXTRN"/><display value="Identifiant externe"/><definition value="Identifiant externe"/></concept><concept><code value="GLBL"/><display value="Identifiant global"/><definition value="Identifiant global"/></concept><concept><code value="IDNST"/><display value="Identification nationale de structure définie par l'ANS dans le CI-SIS"/><definition value="Identification nationale de structure définie par l'ANS dans le CI-SIS"/></concept></CodeSystem>