<?xml version="1.0" encoding="UTF-8"?><CodeSystem xmlns="http://hl7.org/fhir"><id value="fr-core-cs-type-organisation"/><meta><profile value="http://hl7.org/fhir/StructureDefinition/shareablecodesystem|4.0.1"/></meta><text><status value="generated"/><div xmlns="http://www.w3.org/1999/xhtml"><p class="res-header-id"><b>Narratif généré : CodeSystem fr-core-cs-type-organisation</b></p><a name="fr-core-cs-type-organisation"> </a><a name="hcfr-core-cs-type-organisation"> </a><div style="display: inline-block; background-color: #d9e0e7; padding: 6px; margin: 4px; border: 1px solid #8da1b4; border-radius: 5px; line-height: 60%"><p style="margin-bottom: 0px"/><p style="margin-bottom: 0px">Profil: <a href="http://hl7.org/fhir/R4/shareablecodesystem.html">Shareable CodeSystemversion : null4.0.1)</a></p></div><p>This case-sensitive code system <code>https://hl7.fr/ig/fhir/core/CodeSystem/fr-core-cs-type-organisation</code> defines the following codes:</p><table class="codes"><tr><td style="white-space:nowrap"><b>Code</b></td><td><b>Affichage</b></td><td><b>Définition</b></td></tr><tr><td style="white-space:nowrap">LEGAL-ENTITY<a name="fr-core-cs-type-organisation-LEGAL-ENTITY"> </a></td><td>Entité légale</td><td>Entité légale</td></tr><tr><td style="white-space:nowrap">GHT<a name="fr-core-cs-type-organisation-GHT"> </a></td><td>Groupement hospitalier de territoire</td><td>Groupement hospitalier de territoire</td></tr><tr><td style="white-space:nowrap">GEOGRAPHICAL-ENTITY<a name="fr-core-cs-type-organisation-GEOGRAPHICAL-ENTITY"> </a></td><td>Entité géographique</td><td>Entité géographique</td></tr><tr><td style="white-space:nowrap">GROUP<a name="fr-core-cs-type-organisation-GROUP"> </a></td><td>Groupe privé/hospitalier</td><td>Groupe privé/hospitalier</td></tr><tr><td style="white-space:nowrap">HEBERGEMENT<a name="fr-core-cs-type-organisation-HEBERGEMENT"> </a></td><td>Hébergement</td><td>Hébergement</td></tr><tr><td style="white-space:nowrap">SOIN<a name="fr-core-cs-type-organisation-SOIN"> </a></td><td>Soin</td><td>Soin</td></tr><tr><td style="white-space:nowrap">ADMINISTRATIF<a name="fr-core-cs-type-organisation-ADMINISTRATIF"> </a></td><td>Administration</td><td>Administration</td></tr><tr><td style="white-space:nowrap">MEDICAL<a name="fr-core-cs-type-organisation-MEDICAL"> </a></td><td>Médical</td><td>Médical</td></tr><tr><td style="white-space:nowrap">TECHNIQUE<a name="fr-core-cs-type-organisation-TECHNIQUE"> </a></td><td>Technique</td><td>Technique</td></tr><tr><td style="white-space:nowrap">MEDICOTEC<a name="fr-core-cs-type-organisation-MEDICOTEC"> </a></td><td>medico technique (radio, scanner …)</td><td>medico technique (radio, scanner …)</td></tr><tr><td style="white-space:nowrap">UF<a name="fr-core-cs-type-organisation-UF"> </a></td><td>Unité fonctionnelle</td><td>Unité fonctionnelle</td></tr><tr><td style="white-space:nowrap">SERVICE<a name="fr-core-cs-type-organisation-SERVICE"> </a></td><td>Service</td><td>Service</td></tr><tr><td style="white-space:nowrap">UM<a name="fr-core-cs-type-organisation-UM"> </a></td><td>Unité médicale</td><td>Unité médicale</td></tr><tr><td style="white-space:nowrap">UAC<a name="fr-core-cs-type-organisation-UAC"> </a></td><td>Unité d'activité</td><td>Unité d'activité</td></tr><tr><td style="white-space:nowrap">POLE<a name="fr-core-cs-type-organisation-POLE"> </a></td><td>Pôle</td><td>Pôle</td></tr><tr><td style="white-space:nowrap">CENTRE-RESP<a name="fr-core-cs-type-organisation-CENTRE-RESP"> </a></td><td>Centre de responsabilité</td><td>Centre de responsabilité</td></tr><tr><td style="white-space:nowrap">CENTRE-ACTIVITE<a name="fr-core-cs-type-organisation-CENTRE-ACTIVITE"> </a></td><td>Centre d'activité</td><td>Centre d'activité</td></tr></table></div></text><url value="https://hl7.fr/ig/fhir/core/CodeSystem/fr-core-cs-type-organisation"/><version value="2.2.0-ballot-2"/><name value="FRCoreCodeSystemTypesOrganisations"/><title value="FR Core CodeSystem Organization Type"/><status value="draft"/><experimental value="true"/><date value="2026-01-30T16:30:30+00:00"/><publisher value="Interop'Santé"/><contact><name value="Interop'Santé"/><telecom><system value="url"/><value value="http://interopsante.org"/></telecom></contact><contact><name value="InteropSanté"/><telecom><system value="email"/><value value="fhir@interopsante.org"/><use value="work"/></telecom></contact><description value="Organization type"/><jurisdiction><coding><system value="urn:iso:std:iso:3166"/><code value="FRA"/><display value="France"/></coding></jurisdiction><caseSensitive value="true"/><content value="complete"/><count value="17"/><concept><code value="LEGAL-ENTITY"/><display value="Entité légale"/><definition value="Entité légale"/></concept><concept><code value="GHT"/><display value="Groupement hospitalier de territoire"/><definition value="Groupement hospitalier de territoire"/></concept><concept><code value="GEOGRAPHICAL-ENTITY"/><display value="Entité géographique"/><definition value="Entité géographique"/></concept><concept><code value="GROUP"/><display value="Groupe privé/hospitalier"/><definition value="Groupe privé/hospitalier"/></concept><concept><code value="HEBERGEMENT"/><display value="Hébergement"/><definition value="Hébergement"/></concept><concept><code value="SOIN"/><display value="Soin"/><definition value="Soin"/></concept><concept><code value="ADMINISTRATIF"/><display value="Administration"/><definition value="Administration"/></concept><concept><code value="MEDICAL"/><display value="Médical"/><definition value="Médical"/></concept><concept><code value="TECHNIQUE"/><display value="Technique"/><definition value="Technique"/></concept><concept><code value="MEDICOTEC"/><display value="medico technique (radio, scanner …)"/><definition value="medico technique (radio, scanner …)"/></concept><concept><code value="UF"/><display value="Unité fonctionnelle"/><definition value="Unité fonctionnelle"/></concept><concept><code value="SERVICE"/><display value="Service"/><definition value="Service"/></concept><concept><code value="UM"/><display value="Unité médicale"/><definition value="Unité médicale"/></concept><concept><code value="UAC"/><display value="Unité d'activité"/><definition value="Unité d'activité"/></concept><concept><code value="POLE"/><display value="Pôle"/><definition value="Pôle"/></concept><concept><code value="CENTRE-RESP"/><display value="Centre de responsabilité"/><definition value="Centre de responsabilité"/></concept><concept><code value="CENTRE-ACTIVITE"/><display value="Centre d'activité"/><definition value="Centre d'activité"/></concept></CodeSystem>