<?xml version="1.0" encoding="UTF-8"?><CodeSystem xmlns="http://hl7.org/fhir"><id value="fr-core-cs-v2-0203"/><meta><profile value="http://hl7.org/fhir/StructureDefinition/shareablecodesystem|4.0.1"/></meta><text><status value="generated"/><div xmlns="http://www.w3.org/1999/xhtml"><p class="res-header-id"><b>Narratif généré : CodeSystem fr-core-cs-v2-0203</b></p><a name="fr-core-cs-v2-0203"> </a><a name="hcfr-core-cs-v2-0203"> </a><div style="display: inline-block; background-color: #d9e0e7; padding: 6px; margin: 4px; border: 1px solid #8da1b4; border-radius: 5px; line-height: 60%"><p style="margin-bottom: 0px"/><p style="margin-bottom: 0px">Profil: <a href="http://hl7.org/fhir/R4/shareablecodesystem.html">Shareable CodeSystemversion : null4.0.1)</a></p></div><p>This case-sensitive code system <code>https://hl7.fr/ig/fhir/core/CodeSystem/fr-core-cs-v2-0203</code> defines the following codes:</p><table class="codes"><tr><td style="white-space:nowrap"><b>Code</b></td><td><b>Affichage</b></td><td><b>Définition</b></td></tr><tr><td style="white-space:nowrap">ADELI<a name="fr-core-cs-v2-0203-ADELI"> </a></td><td>N° ADELI</td><td>N° ADELI</td></tr><tr><td style="white-space:nowrap">RPPS<a name="fr-core-cs-v2-0203-RPPS"> </a></td><td>N° RPPS</td><td>N° RPPS</td></tr><tr><td style="white-space:nowrap">IDNPS<a name="fr-core-cs-v2-0203-IDNPS"> </a></td><td>Identifiant National de Professionnel de Santé</td><td>Identifiant National de Professionnel de Santé</td></tr><tr><td style="white-space:nowrap">NNFRA<a name="fr-core-cs-v2-0203-NNFRA"> </a></td><td>National Person Identifier where the FRA is the ISO table 3166 3-character (alphabetic) country code</td><td>National Person Identifier where the FRA is the ISO table 3166 3-character (alphabetic) country code</td></tr><tr><td style="white-space:nowrap">NDP<a name="fr-core-cs-v2-0203-NDP"> </a></td><td>Identifiant du patient au Dossier Pharmaceutique</td><td>Identifiant du patient au Dossier Pharmaceutique</td></tr><tr><td style="white-space:nowrap">INS-C<a name="fr-core-cs-v2-0203-INS-C"> </a></td><td>Identifiant National de Santé Calculé</td><td>Identifiant National de Santé Calculé</td></tr><tr><td style="white-space:nowrap">INS-NIA<a name="fr-core-cs-v2-0203-INS-NIA"> </a></td><td>NIR temporaire</td><td>NIR temporaire</td></tr><tr><td style="white-space:nowrap">INS-NIR<a name="fr-core-cs-v2-0203-INS-NIR"> </a></td><td>NIR définitif</td><td>NIR définitif</td></tr><tr><td style="white-space:nowrap">INS-NIR-TEST<a name="fr-core-cs-v2-0203-INS-NIR-TEST"> </a></td><td>NIR TEST</td><td>NIR TEST</td></tr><tr><td style="white-space:nowrap">INS-NIR-DEMO<a name="fr-core-cs-v2-0203-INS-NIR-DEMO"> </a></td><td>NIR DEMO</td><td>NIR DEMO</td></tr><tr><td style="white-space:nowrap">FINEJ<a name="fr-core-cs-v2-0203-FINEJ"> </a></td><td>FINESS d'entité juridique</td><td>FINESS d'entité juridique</td></tr><tr><td style="white-space:nowrap">FINEG<a name="fr-core-cs-v2-0203-FINEG"> </a></td><td>FINESS d'entité géographique</td><td>FINESS d'entité géographique</td></tr><tr><td style="white-space:nowrap">SIREN<a name="fr-core-cs-v2-0203-SIREN"> </a></td><td>Identification de l'organisation au SIREN</td><td>Identification de l'organisation au SIREN</td></tr><tr><td style="white-space:nowrap">SIRET<a name="fr-core-cs-v2-0203-SIRET"> </a></td><td>Identification de l'organisation au SIRET</td><td>Identification de l'organisation au SIRET</td></tr><tr><td style="white-space:nowrap">IDNST<a name="fr-core-cs-v2-0203-IDNST"> </a></td><td>Identification nationale de structure définie par l’ANS dans le CI_SIS</td><td>Identification nationale de structure définie par l’ANS dans le CI_SIS</td></tr><tr><td style="white-space:nowrap">INTRN<a name="fr-core-cs-v2-0203-INTRN"> </a></td><td>Identifiant interne</td><td>Identifiant interne</td></tr><tr><td style="white-space:nowrap">EXTRN<a name="fr-core-cs-v2-0203-EXTRN"> </a></td><td>Identifiant externe</td><td>Identifiant externe</td></tr></table></div></text><url value="https://hl7.fr/ig/fhir/core/CodeSystem/fr-core-cs-v2-0203"/><version value="2.2.0-ballot-2"/><name value="FRCoreCodeSystemv2_0203"/><title value="FR Core CodeSystem v2-0203"/><status value="active"/><experimental value="false"/><date value="2026-01-30T16:30:30+00:00"/><publisher value="Interop'Santé"/><contact><name value="Interop'Santé"/><telecom><system value="url"/><value value="http://interopsante.org"/></telecom></contact><contact><name value="InteropSanté"/><telecom><system value="email"/><value value="fhir@interopsante.org"/><use value="work"/></telecom></contact><description value="HL7 v2 - Identifier type"/><jurisdiction><coding><system value="urn:iso:std:iso:3166"/><code value="FRA"/><display value="France"/></coding></jurisdiction><caseSensitive value="true"/><content value="complete"/><count value="17"/><concept><code value="ADELI"/><display value="N° ADELI"/><definition value="N° ADELI"/></concept><concept><code value="RPPS"/><display value="N° RPPS"/><definition value="N° RPPS"/></concept><concept><code value="IDNPS"/><display value="Identifiant National de Professionnel de Santé"/><definition value="Identifiant National de Professionnel de Santé"/></concept><concept><code value="NNFRA"/><display value="National Person Identifier where the FRA is the ISO table 3166 3-character (alphabetic) country code"/><definition value="National Person Identifier where the FRA is the ISO table 3166 3-character (alphabetic) country code"/></concept><concept><code value="NDP"/><display value="Identifiant du patient au Dossier Pharmaceutique"/><definition value="Identifiant du patient au Dossier Pharmaceutique"/></concept><concept><code value="INS-C"/><display value="Identifiant National de Santé Calculé"/><definition value="Identifiant National de Santé Calculé"/></concept><concept><code value="INS-NIA"/><display value="NIR temporaire"/><definition value="NIR temporaire"/></concept><concept><code value="INS-NIR"/><display value="NIR définitif"/><definition value="NIR définitif"/></concept><concept><code value="INS-NIR-TEST"/><display value="NIR TEST"/><definition value="NIR TEST"/></concept><concept><code value="INS-NIR-DEMO"/><display value="NIR DEMO"/><definition value="NIR DEMO"/></concept><concept><code value="FINEJ"/><display value="FINESS d'entité juridique"/><definition value="FINESS d'entité juridique"/></concept><concept><code value="FINEG"/><display value="FINESS d'entité géographique"/><definition value="FINESS d'entité géographique"/></concept><concept><code value="SIREN"/><display value="Identification de l'organisation au SIREN"/><definition value="Identification de l'organisation au SIREN"/></concept><concept><code value="SIRET"/><display value="Identification de l'organisation au SIRET"/><definition value="Identification de l'organisation au SIRET"/></concept><concept><code value="IDNST"/><display value="Identification nationale de structure définie par l’ANS dans le CI_SIS"/><definition value="Identification nationale de structure définie par l’ANS dans le CI_SIS"/></concept><concept><code value="INTRN"/><display value="Identifiant interne"/><definition value="Identifiant interne"/></concept><concept><code value="EXTRN"/><display value="Identifiant externe"/><definition value="Identifiant externe"/></concept></CodeSystem>