<?xml version="1.0" encoding="UTF-8"?><CodeSystem xmlns="http://hl7.org/fhir"><id value="fr-core-cs-v2-3311"/><meta><profile value="http://hl7.org/fhir/StructureDefinition/shareablecodesystem|4.0.1"/></meta><text><status value="generated"/><div xmlns="http://www.w3.org/1999/xhtml"><p class="res-header-id"><b>Narratif généré : CodeSystem fr-core-cs-v2-3311</b></p><a name="fr-core-cs-v2-3311"> </a><a name="hcfr-core-cs-v2-3311"> </a><div style="display: inline-block; background-color: #d9e0e7; padding: 6px; margin: 4px; border: 1px solid #8da1b4; border-radius: 5px; line-height: 60%"><p style="margin-bottom: 0px"/><p style="margin-bottom: 0px">Profil: <a href="http://hl7.org/fhir/R4/shareablecodesystem.html">Shareable CodeSystemversion : null4.0.1)</a></p></div><p>This case-sensitive code system <code>https://hl7.fr/ig/fhir/core/CodeSystem/fr-core-cs-v2-3311</code> defines the following codes:</p><table class="codes"><tr><td style="white-space:nowrap"><b>Code</b></td><td><b>Affichage</b></td><td><b>Définition</b></td></tr><tr><td style="white-space:nowrap">MCO<a name="fr-core-cs-v2-3311-MCO"> </a></td><td>MCO</td><td>Médecine, Chirurgie, Obstétrique</td></tr><tr><td style="white-space:nowrap">SSR<a name="fr-core-cs-v2-3311-SSR"> </a></td><td>SSR</td><td>Soins de Suite et de Réadaptation</td></tr><tr><td style="white-space:nowrap">HD<a name="fr-core-cs-v2-3311-HD"> </a></td><td>HAD</td><td>Hospitalisation À Domicile</td></tr><tr><td style="white-space:nowrap">EHPD<a name="fr-core-cs-v2-3311-EHPD"> </a></td><td>EHPAD</td><td>Établissement d’Hébergement pour Personnes Âgées Dépendantes</td></tr><tr><td style="white-space:nowrap">LG_SJR<a name="fr-core-cs-v2-3311-LG_SJR"> </a></td><td>Long séjour</td><td>Soins de Longue Durée - long séjour</td></tr><tr><td style="white-space:nowrap">MSN_RTRT<a name="fr-core-cs-v2-3311-MSN_RTRT"> </a></td><td>Maison de retraite</td><td>Maison de retraite</td></tr><tr><td style="white-space:nowrap">PSY<a name="fr-core-cs-v2-3311-PSY"> </a></td><td>Psy</td><td>Psychiatrie</td></tr><tr><td style="white-space:nowrap">URG<a name="fr-core-cs-v2-3311-URG"> </a></td><td>Urgence</td><td>Urgences</td></tr></table></div></text><url value="https://hl7.fr/ig/fhir/core/CodeSystem/fr-core-cs-v2-3311"/><version value="2.2.0-ballot-2"/><name value="FRCoreCodeSystemv2_3311"/><title value="FR Core CodeSystem v2-3311"/><status value="draft"/><experimental value="false"/><date value="2026-01-30T16:30:30+00:00"/><publisher value="Interop'Santé"/><contact><name value="Interop'Santé"/><telecom><system value="url"/><value value="http://interopsante.org"/></telecom></contact><contact><name value="InteropSanté"/><telecom><system value="email"/><value value="fhir@interopsante.org"/><use value="work"/></telecom></contact><description value="HL7 v2 - Table 3311"/><jurisdiction><coding><system value="urn:iso:std:iso:3166"/><code value="FRA"/><display value="France"/></coding></jurisdiction><caseSensitive value="true"/><content value="complete"/><count value="8"/><concept><code value="MCO"/><display value="MCO"/><definition value="Médecine, Chirurgie, Obstétrique"/></concept><concept><code value="SSR"/><display value="SSR"/><definition value="Soins de Suite et de Réadaptation"/></concept><concept><code value="HD"/><display value="HAD"/><definition value="Hospitalisation À Domicile"/></concept><concept><code value="EHPD"/><display value="EHPAD"/><definition value="Établissement d’Hébergement pour Personnes Âgées Dépendantes"/></concept><concept><code value="LG_SJR"/><display value="Long séjour"/><definition value="Soins de Longue Durée - long séjour"/></concept><concept><code value="MSN_RTRT"/><display value="Maison de retraite"/><definition value="Maison de retraite"/></concept><concept><code value="PSY"/><display value="Psy"/><definition value="Psychiatrie"/></concept><concept><code value="URG"/><display value="Urgence"/><definition value="Urgences"/></concept></CodeSystem>