<?xml version="1.0" encoding="UTF-8"?><CodeSystem xmlns="http://hl7.org/fhir"><id value="fr-core-cs-champ-activite"/><meta><profile value="http://hl7.org/fhir/StructureDefinition/shareablecodesystem|4.0.1"/></meta><text><status value="generated"/><div xmlns="http://www.w3.org/1999/xhtml"><p class="res-header-id"><b>Narratif généré : CodeSystem fr-core-cs-champ-activite</b></p><a name="fr-core-cs-champ-activite"> </a><a name="hcfr-core-cs-champ-activite"> </a><div style="display: inline-block; background-color: #d9e0e7; padding: 6px; margin: 4px; border: 1px solid #8da1b4; border-radius: 5px; line-height: 60%"><p style="margin-bottom: 0px"/><p style="margin-bottom: 0px">Profil: <a href="http://hl7.org/fhir/R4/shareablecodesystem.html">Shareable CodeSystemversion : null4.0.1)</a></p></div><p>This case-sensitive code system <code>https://hl7.fr/ig/fhir/core/CodeSystem/fr-core-cs-champ-activite</code> defines the following codes:</p><table class="codes"><tr><td style="white-space:nowrap"><b>Code</b></td><td><b>Affichage</b></td></tr><tr><td style="white-space:nowrap">MCO<a name="fr-core-cs-champ-activite-MCO"> </a></td><td>MCO</td></tr><tr><td style="white-space:nowrap">SMR<a name="fr-core-cs-champ-activite-SMR"> </a></td><td>SMR</td></tr><tr><td style="white-space:nowrap">HAD<a name="fr-core-cs-champ-activite-HAD"> </a></td><td>HAD</td></tr><tr><td style="white-space:nowrap">PSY<a name="fr-core-cs-champ-activite-PSY"> </a></td><td>PSY</td></tr><tr><td style="white-space:nowrap">EHPAD<a name="fr-core-cs-champ-activite-EHPAD"> </a></td><td>EHPAD</td></tr><tr><td style="white-space:nowrap">LG_SJR<a name="fr-core-cs-champ-activite-LG_SJR"> </a></td><td>Long séjour</td></tr><tr><td style="white-space:nowrap">MSN_RTRT<a name="fr-core-cs-champ-activite-MSN_RTRT"> </a></td><td>Maison de retraite</td></tr><tr><td style="white-space:nowrap">ATR<a name="fr-core-cs-champ-activite-ATR"> </a></td><td>Autre</td></tr></table></div></text><url value="https://hl7.fr/ig/fhir/core/CodeSystem/fr-core-cs-champ-activite"/><version value="2.2.0-ballot-2"/><name value="FRCoreCodeSystemChampActivite"/><title value="FR Core CodeSystem Champ Activite - Codes du champ d'activité"/><status value="draft"/><experimental value="false"/><date value="2026-01-30T16:30:30+00:00"/><publisher value="Interop'Santé"/><contact><name value="Interop'Santé"/><telecom><system value="url"/><value value="http://interopsante.org"/></telecom></contact><contact><name value="InteropSanté"/><telecom><system value="email"/><value value="fhir@interopsante.org"/><use value="work"/></telecom></contact><description value="Champ d'activité clinique de l'organisation type UF, tel que cité dans les fiches pratiques de comptabilité analytique hospitalière, de la DGOS."/><jurisdiction><coding><system value="urn:iso:std:iso:3166"/><code value="FRA"/><display value="France"/></coding></jurisdiction><caseSensitive value="true"/><content value="complete"/><count value="8"/><concept><code value="MCO"/><display value="MCO"/><designation><use><code value="display"/></use><value value="Médecine Chirurgie Obstétrique"/></designation><designation><use><system value="http://terminology.hl7.org/CodeSystem/hl7TermMaintInfra"/><code value="preferredForLanguage"/></use><value value="MCO"/></designation></concept><concept><code value="SMR"/><display value="SMR"/><designation><use><code value="display"/></use><value value="Soins Médicaux et de Réadaptation"/></designation><designation><use><system value="http://terminology.hl7.org/CodeSystem/hl7TermMaintInfra"/><code value="preferredForLanguage"/></use><value value="SMR"/></designation></concept><concept><code value="HAD"/><display value="HAD"/><designation><use><code value="display"/></use><value value="Hospitalisation à Domicile"/></designation><designation><use><system value="http://terminology.hl7.org/CodeSystem/hl7TermMaintInfra"/><code value="preferredForLanguage"/></use><value value="HAD"/></designation></concept><concept><code value="PSY"/><display value="PSY"/><designation><use><code value="display"/></use><value value="Psychiatrie"/></designation><designation><use><system value="http://terminology.hl7.org/CodeSystem/hl7TermMaintInfra"/><code value="preferredForLanguage"/></use><value value="PSY"/></designation></concept><concept><code value="EHPAD"/><display value="EHPAD"/><designation><use><code value="display"/></use><value value="Etablissement d'Hébergement pour Personnes Agées Dépendantes"/></designation><designation><use><system value="http://terminology.hl7.org/CodeSystem/hl7TermMaintInfra"/><code value="preferredForLanguage"/></use><value value="EHPAD"/></designation></concept><concept><code value="LG_SJR"/><display value="Long séjour"/><designation><use><system value="http://terminology.hl7.org/CodeSystem/hl7TermMaintInfra"/><code value="preferredForLanguage"/></use><value value="Long séjour"/></designation></concept><concept><code value="MSN_RTRT"/><display value="Maison de retraite"/><designation><use><system value="http://terminology.hl7.org/CodeSystem/hl7TermMaintInfra"/><code value="preferredForLanguage"/></use><value value="Maison de retraite"/></designation></concept><concept><code value="ATR"/><display value="Autre"/><designation><use><system value="http://terminology.hl7.org/CodeSystem/hl7TermMaintInfra"/><code value="preferredForLanguage"/></use><value value="Autre"/></designation></concept></CodeSystem>