<?xml version="1.0" encoding="UTF-8"?><ValueSet xmlns="http://hl7.org/fhir"><id value="fr-core-vs-marital-status"/><meta><profile value="http://hl7.org/fhir/StructureDefinition/shareablevalueset|4.0.1"/></meta><text><status value="extensions"/><div xmlns="http://www.w3.org/1999/xhtml"><p class="res-header-id"><b>Narratif généré : EnsembleValeurs fr-core-vs-marital-status</b></p><a name="fr-core-vs-marital-status"> </a><a name="hcfr-core-vs-marital-status"> </a><div style="display: inline-block; background-color: #d9e0e7; padding: 6px; margin: 4px; border: 1px solid #8da1b4; border-radius: 5px; line-height: 60%"><p style="margin-bottom: 0px"/><p style="margin-bottom: 0px">Profil: <a href="http://hl7.org/fhir/R4/shareablevalueset.html">Shareable ValueSetversion : null4.0.1)</a></p></div><p>Ce jeu de valeur (ValueSet) inclut les codes selon les règles suivantes :</p><ul><li>Inclut tous les codes définis dans <a href="CodeSystem-fr-core-cs-marital-status.html"><code>https://hl7.fr/ig/fhir/core/CodeSystem/fr-core-cs-marital-status</code></a><span title="La version nest pas explicitement indiquée, ce qui signifie quelle est fixée à la version fournie dans cette spécification"> version 📦2.2.0-ballot-2</span></li><li>Inclut tous les codes définis dans <a href="http://terminology.hl7.org/7.0.1/CodeSystem-v3-MaritalStatus.html"><code>http://terminology.hl7.org/CodeSystem/v3-MaritalStatus</code></a><span title="La version nest pas explicitement indiquée, ce qui signifie quelle est fixée à 3.0.0, la version trouvée via les références de package"> version 📦3.0.0</span></li><li>Inclut ce(s) code(s) tel quil(s) est (sont) défini(s) dans <a href="http://terminology.hl7.org/7.0.1/CodeSystem-v3-NullFlavor.html"><code>http://terminology.hl7.org/CodeSystem/v3-NullFlavor</code></a><span title="La version nest pas explicitement indiquée, ce qui signifie quelle est fixée à 3.0.0, la version trouvée via les références de package"> version 📦3.0.0</span><table class="none"><tr><td style="white-space:nowrap"><b>Code</b></td><td><b>Affichage</b></td><td><b>Définition</b></td></tr><tr><td><a href="http://terminology.hl7.org/7.0.1/CodeSystem-v3-NullFlavor.html#v3-NullFlavor-UNK">UNK</a></td><td>unknown</td><td>**Description:**A proper value is applicable, but not known.<br/><br/>**Usage Notes**: This means the actual value is not known. If the only thing that is unknown is how to properly express the value in the necessary constraints (value set, datatype, etc.), then the OTH or UNC flavor should be used. No properties should be included for a datatype with this property unless:<br/><br/>1.  Those properties themselves directly translate to a semantic of &quot;unknown&quot;. (E.g. a local code sent as a translation that conveys 'unknown')<br/>2.  Those properties further qualify the nature of what is unknown. (E.g. specifying a use code of &quot;H&quot; and a URL prefix of &quot;tel:&quot; to convey that it is the home phone number that is unknown.)</td></tr></table></li></ul></div></text><url value="https://hl7.fr/ig/fhir/core/ValueSet/fr-core-vs-marital-status"/><version value="2.2.0-ballot-2"/><name value="FRCoreValueSetMaritalStatus"/><title value="FR Core ValueSet Marital Status ValueSet"/><status value="active"/><experimental value="false"/><date value="2026-01-30T16:30:30+00:00"/><publisher value="Interop'Santé"/><contact><name value="Interop'Santé"/><telecom><system value="url"/><value value="http://interopsante.org"/></telecom></contact><contact><name value="InteropSanté"/><telecom><system value="email"/><value value="fhir@interopsante.org"/><use value="work"/></telecom></contact><description value="Patient Marital Status"/><jurisdiction><coding><system value="urn:iso:std:iso:3166"/><code value="FRA"/><display value="France"/></coding></jurisdiction><compose><include><system value="https://hl7.fr/ig/fhir/core/CodeSystem/fr-core-cs-marital-status"/></include><include><system value="http://terminology.hl7.org/CodeSystem/v3-MaritalStatus"/></include><include><system value="http://terminology.hl7.org/CodeSystem/v3-NullFlavor"/><concept><code value="UNK"/><display value="unknown"/></concept></include></compose></ValueSet>