<?xml version="1.0" encoding="UTF-8"?><ValueSet xmlns="http://hl7.org/fhir"><id value="fr-core-vs-bp-method"/><meta><profile value="http://hl7.org/fhir/StructureDefinition/shareablevalueset|4.0.1"/></meta><text><status value="generated"/><div xmlns="http://www.w3.org/1999/xhtml"><p class="res-header-id"><b>Narratif généré : EnsembleValeurs fr-core-vs-bp-method</b></p><a name="fr-core-vs-bp-method"> </a><a name="hcfr-core-vs-bp-method"> </a><div style="display: inline-block; background-color: #d9e0e7; padding: 6px; margin: 4px; border: 1px solid #8da1b4; border-radius: 5px; line-height: 60%"><p style="margin-bottom: 0px"/><p style="margin-bottom: 0px">Profil: <a href="http://hl7.org/fhir/R4/shareablevalueset.html">Shareable ValueSetversion : null4.0.1)</a></p></div><ul><li>Include ce(s) code(s) tel quil(s) est (sont) défini(s) dans <a href="http://www.snomed.org/"><code>http://snomed.info/sct</code></a><span title="La version nest pas explicitement indiquée. Aucun {0} correspondant trouvé"> version Non précisé (utilise la dernière version provenant du serveur de terminologie)</span><table class="none"><tr><td style="white-space:nowrap"><b>Code</b></td><td><b>Affichage</b></td></tr><tr><td><a href="http://snomed.info/id/37931006">37931006</a></td><td>Auscultation (procedure)</td></tr><tr><td><a href="http://snomed.info/id/113011001">113011001</a></td><td>Palpation (procedure)</td></tr><tr><td><a href="http://snomed.info/id/61284002">61284002</a></td><td>Machine, device (physical object)</td></tr><tr><td><a href="http://snomed.info/id/10179008">10179008</a></td><td>Invasive (qualifier value)</td></tr></table></li></ul></div></text><extension url="http://hl7.org/fhir/StructureDefinition/structuredefinition-standards-status"><valueCode value="informative"/></extension><extension url="http://hl7.org/fhir/StructureDefinition/structuredefinition-fmm"><valueInteger value="1"/></extension><extension url="http://hl7.org/fhir/StructureDefinition/structuredefinition-wg"><valueCode value="pa"/></extension><url value="https://hl7.fr/ig/fhir/core/ValueSet/fr-core-vs-bp-method"/><version value="2.2.0-ballot-2"/><name value="FRCoreValueSetBPMeasurementMethod"/><title value="FR Core ValueSet BP measurement method"/><status value="active"/><experimental value="false"/><date value="2026-01-30T16:30:30+00:00"/><publisher value="Interop'Santé"/><contact><name value="Interop'Santé"/><telecom><system value="url"/><value value="http://interopsante.org"/></telecom></contact><contact><name value="InteropSanté"/><telecom><system value="email"/><value value="fhir@interopsante.org"/><use value="work"/></telecom></contact><description value="A coded type for the blood pressure measurement method"/><jurisdiction><coding><system value="urn:iso:std:iso:3166"/><code value="FRA"/><display value="France"/></coding></jurisdiction><compose><include><system value="http://snomed.info/sct"/><concept><code value="37931006"/><display value="Auscultation (procedure)"/></concept><concept><code value="113011001"/><display value="Palpation (procedure)"/></concept><concept><code value="61284002"/><display value="Machine, device (physical object)"/></concept><concept><code value="10179008"/><display value="Invasive (qualifier value)"/></concept></include></compose></ValueSet>