<?xml version="1.0" encoding="UTF-8"?><ValueSet xmlns="http://hl7.org/fhir"><id value="fr-core-vsbody-temp-meas-body-location"/><meta><profile value="http://hl7.org/fhir/StructureDefinition/shareablevalueset|4.0.1"/></meta><text><status value="generated"/><div xmlns="http://www.w3.org/1999/xhtml"><p class="res-header-id"><b>Narratif généré : EnsembleValeurs fr-core-vsbody-temp-meas-body-location</b></p><a name="fr-core-vsbody-temp-meas-body-location"> </a><a name="hcfr-core-vsbody-temp-meas-body-location"> </a><div style="display: inline-block; background-color: #d9e0e7; padding: 6px; margin: 4px; border: 1px solid #8da1b4; border-radius: 5px; line-height: 60%"><p style="margin-bottom: 0px"/><p style="margin-bottom: 0px">Profil: <a href="http://hl7.org/fhir/R4/shareablevalueset.html">Shareable ValueSetversion : null4.0.1)</a></p></div><ul><li>Include ce(s) code(s) tel quil(s) est (sont) défini(s) dans <a href="http://www.snomed.org/"><code>http://snomed.info/sct</code></a><span title="La version nest pas explicitement indiquée. Aucun {0} correspondant trouvé"> version Non précisé (utilise la dernière version provenant du serveur de terminologie)</span><table class="none"><tr><td style="white-space:nowrap"><b>Code</b></td><td><b>Affichage</b></td></tr><tr><td><a href="http://snomed.info/id/117590005">117590005</a></td><td>Ear structure (body structure)</td></tr><tr><td><a href="http://snomed.info/id/7569003">7569003</a></td><td>Finger structure (body structure)</td></tr><tr><td><a href="http://snomed.info/id/52795006">52795006</a></td><td>Forehead structure (body structure)</td></tr><tr><td><a href="http://snomed.info/id/279549004">279549004</a></td><td>Nasal cavity structure (body structure)</td></tr><tr><td><a href="http://snomed.info/id/71836000">71836000</a></td><td>Nasopharyngeal structure (body structure)</td></tr><tr><td><a href="http://snomed.info/id/74262004">74262004</a></td><td>Oral cavity structure (body structure)</td></tr><tr><td><a href="http://snomed.info/id/34402009">34402009</a></td><td>Rectum structure (body structure)</td></tr><tr><td><a href="http://snomed.info/id/422543003">422543003</a></td><td>Structure of axillary fossa (body structure)</td></tr><tr><td><a href="http://snomed.info/id/29707007">29707007</a></td><td>Toe structure (body structure)</td></tr><tr><td><a href="http://snomed.info/id/42859004">42859004</a></td><td>Tympanic membrane structure (body structure)</td></tr><tr><td><a href="http://snomed.info/id/89837001">89837001</a></td><td>Urinary bladder structure (body structure)</td></tr></table></li></ul></div></text><url value="https://hl7.fr/ig/fhir/core/ValueSet/fr-core-vsbody-temp-meas-body-location"/><version value="2.2.0-ballot-2"/><name value="FRCoreValueSetBodyTemperatureMeasurementBodyLocation"/><title value="Body Temperature Measurement Body Location value set"/><status value="active"/><experimental value="false"/><date value="2026-01-30T16:30:30+00:00"/><publisher value="Interop'Santé"/><contact><name value="Interop'Santé"/><telecom><system value="url"/><value value="http://interopsante.org"/></telecom></contact><contact><name value="InteropSanté"/><telecom><system value="email"/><value value="fhir@interopsante.org"/><use value="work"/></telecom></contact><description value="SELECT SNOMED CT code system values that describe where on the body the temperature was measured."/><jurisdiction><coding><system value="urn:iso:std:iso:3166"/><code value="FRA"/><display value="France"/></coding></jurisdiction><compose><include><system value="http://snomed.info/sct"/><concept><code value="117590005"/><display value="Ear structure (body structure)"/></concept><concept><code value="7569003"/><display value="Finger structure (body structure)"/></concept><concept><code value="52795006"/><display value="Forehead structure (body structure)"/></concept><concept><code value="279549004"/><display value="Nasal cavity structure (body structure)"/></concept><concept><code value="71836000"/><display value="Nasopharyngeal structure (body structure)"/></concept><concept><code value="74262004"/><display value="Oral cavity structure (body structure)"/></concept><concept><code value="34402009"/><display value="Rectum structure (body structure)"/></concept><concept><code value="422543003"/><display value="Structure of axillary fossa (body structure)"/></concept><concept><code value="29707007"/><display value="Toe structure (body structure)"/></concept><concept><code value="42859004"/><display value="Tympanic membrane structure (body structure)"/></concept><concept><code value="89837001"/><display value="Urinary bladder structure (body structure)"/></concept></include></compose></ValueSet>