<?xml version="1.0" encoding="UTF-8"?><ValueSet xmlns="http://hl7.org/fhir"><id value="fr-core-vs-practitioner-specialty"/><meta><profile value="http://hl7.org/fhir/StructureDefinition/shareablevalueset|4.0.1"/></meta><text><status value="generated"/><div xmlns="http://www.w3.org/1999/xhtml"><p class="res-header-id"><b>Narratif généré : EnsembleValeurs fr-core-vs-practitioner-specialty</b></p><a name="fr-core-vs-practitioner-specialty"> </a><a name="hcfr-core-vs-practitioner-specialty"> </a><div style="display: inline-block; background-color: #d9e0e7; padding: 6px; margin: 4px; border: 1px solid #8da1b4; border-radius: 5px; line-height: 60%"><p style="margin-bottom: 0px"/><p style="margin-bottom: 0px">Profil: <a href="http://hl7.org/fhir/R4/shareablevalueset.html">Shareable ValueSetversion : null4.0.1)</a></p></div><ul><li>Include tous les codes définis dans <a href="https://interop.esante.gouv.fr/terminologies/1.4.0/CodeSystem-TRE-R38-SpecialiteOrdinale.html"><code>https://mos.esante.gouv.fr/NOS/TRE_R38-SpecialiteOrdinale/FHIR/TRE-R38-SpecialiteOrdinale</code></a><span title="La version nest pas explicitement indiquée, ce qui signifie quelle est fixée à 20240531120000, la version trouvée via les références de package"> version 📦20240531120000</span></li></ul></div></text><extension url="http://hl7.org/fhir/StructureDefinition/structuredefinition-standards-status"><valueCode value="informative"/></extension><extension url="http://hl7.org/fhir/StructureDefinition/structuredefinition-fmm"><valueInteger value="5"/></extension><extension url="http://hl7.org/fhir/StructureDefinition/structuredefinition-wg"><valueCode value="pc"/></extension><url value="https://hl7.fr/ig/fhir/core/ValueSet/fr-core-vs-practitioner-specialty"/><version value="2.2.0-ballot-2"/><name value="FRCoreValueSetPractitionerSpecialty"/><title value="FR Core ValueSet Practitioner specialty"/><status value="active"/><experimental value="false"/><date value="2026-01-30T16:30:30+00:00"/><publisher value="Interop'Santé"/><contact><name value="Interop'Santé"/><telecom><system value="url"/><value value="http://interopsante.org"/></telecom></contact><contact><name value="InteropSanté"/><telecom><system value="email"/><value value="fhir@interopsante.org"/><use value="work"/></telecom></contact><description value="The modalities of exercice of the practitioner, registered by an official organization for a period of time."/><jurisdiction><coding><system value="urn:iso:std:iso:3166"/><code value="FRA"/><display value="France"/></coding></jurisdiction><immutable value="true"/><compose><include><system value="https://mos.esante.gouv.fr/NOS/TRE_R38-SpecialiteOrdinale/FHIR/TRE-R38-SpecialiteOrdinale"/></include></compose></ValueSet>