<?xml version="1.0" encoding="UTF-8"?><ValueSet xmlns="http://hl7.org/fhir"><id value="fr-core-vs-body-position"/><meta><profile value="http://hl7.org/fhir/StructureDefinition/shareablevalueset|4.0.1"/></meta><text><status value="generated"/><div xmlns="http://www.w3.org/1999/xhtml"><p class="res-header-id"><b>Narratif généré : EnsembleValeurs fr-core-vs-body-position</b></p><a name="fr-core-vs-body-position"> </a><a name="hcfr-core-vs-body-position"> </a><div style="display: inline-block; background-color: #d9e0e7; padding: 6px; margin: 4px; border: 1px solid #8da1b4; border-radius: 5px; line-height: 60%"><p style="margin-bottom: 0px"/><p style="margin-bottom: 0px">Profil: <a href="http://hl7.org/fhir/R4/shareablevalueset.html">Shareable ValueSetversion : null4.0.1)</a></p></div><ul><li>Include ce(s) code(s) tel quil(s) est (sont) défini(s) dans <a href="http://www.snomed.org/"><code>http://snomed.info/sct</code></a><span title="La version nest pas explicitement indiquée. Aucun {0} correspondant trouvé"> version Non précisé (utilise la dernière version provenant du serveur de terminologie)</span><table class="none"><tr><td style="white-space:nowrap"><b>Code</b></td><td><b>Affichage</b></td></tr><tr><td><a href="http://snomed.info/id/30212006">30212006</a></td><td>Fowler's position (finding)</td></tr><tr><td><a href="http://snomed.info/id/26527006">26527006</a></td><td>Inverse Trendelenburg position (finding)</td></tr><tr><td><a href="http://snomed.info/id/102536004">102536004</a></td><td>Left lateral decubitus position (finding)</td></tr><tr><td><a href="http://snomed.info/id/414585002">414585002</a></td><td>Left lateral tilt (finding)</td></tr><tr><td><a href="http://snomed.info/id/10904000">10904000</a></td><td>Orthostatic body position (finding)</td></tr><tr><td><a href="http://snomed.info/id/1240000">1240000</a></td><td>Prone body position (finding)</td></tr><tr><td><a href="http://snomed.info/id/102538003">102538003</a></td><td>Recumbent body position (finding)</td></tr><tr><td><a href="http://snomed.info/id/423413008">423413008</a></td><td>Reverse trendelenburg positioning (finding)</td></tr><tr><td><a href="http://snomed.info/id/102535000">102535000</a></td><td>Right lateral decubitus position (finding)</td></tr><tr><td><a href="http://snomed.info/id/415346000">415346000</a></td><td>Right lateral tilt (finding)</td></tr><tr><td><a href="http://snomed.info/id/33586001">33586001</a></td><td>Sitting position (finding)</td></tr><tr><td><a href="http://snomed.info/id/40199007">40199007</a></td><td>Supine body position (finding)</td></tr><tr><td><a href="http://snomed.info/id/34106002">34106002</a></td><td>Trendelenburg position (finding)</td></tr></table></li></ul></div></text><url value="https://hl7.fr/ig/fhir/core/ValueSet/fr-core-vs-body-position"/><version value="2.2.0-ballot-2"/><name value="FRCoreValueSetBodyPosition"/><title value="Body Position value set"/><status value="active"/><experimental value="false"/><date value="2026-01-30T16:30:30+00:00"/><publisher value="Interop'Santé"/><contact><name value="Interop'Santé"/><telecom><system value="url"/><value value="http://interopsante.org"/></telecom></contact><contact><name value="InteropSanté"/><telecom><system value="email"/><value value="fhir@interopsante.org"/><use value="work"/></telecom></contact><description value="SELECT SNOMED CT code system values the position in which the individual was in during a measurement."/><jurisdiction><coding><system value="urn:iso:std:iso:3166"/><code value="FRA"/><display value="France"/></coding></jurisdiction><compose><include><system value="http://snomed.info/sct"/><concept><code value="30212006"/><display value="Fowler's position (finding)"/></concept><concept><code value="26527006"/><display value="Inverse Trendelenburg position (finding)"/></concept><concept><code value="102536004"/><display value="Left lateral decubitus position (finding)"/></concept><concept><code value="414585002"/><display value="Left lateral tilt (finding)"/></concept><concept><code value="10904000"/><display value="Orthostatic body position (finding)"/></concept><concept><code value="1240000"/><display value="Prone body position (finding)"/></concept><concept><code value="102538003"/><display value="Recumbent body position (finding)"/></concept><concept><code value="423413008"/><display value="Reverse trendelenburg positioning (finding)"/></concept><concept><code value="102535000"/><display value="Right lateral decubitus position (finding)"/></concept><concept><code value="415346000"/><display value="Right lateral tilt (finding)"/></concept><concept><code value="33586001"/><display value="Sitting position (finding)"/></concept><concept><code value="40199007"/><display value="Supine body position (finding)"/></concept><concept><code value="34106002"/><display value="Trendelenburg position (finding)"/></concept></include></compose></ValueSet>