<?xml version="1.0" encoding="UTF-8"?><ValueSet xmlns="http://hl7.org/fhir"><id value="fr-core-vs-heartrate-body-location"/><meta><profile value="http://hl7.org/fhir/StructureDefinition/shareablevalueset|4.0.1"/></meta><text><status value="generated"/><div xmlns="http://www.w3.org/1999/xhtml"><p class="res-header-id"><b>Narratif généré : EnsembleValeurs fr-core-vs-heartrate-body-location</b></p><a name="fr-core-vs-heartrate-body-location"> </a><a name="hcfr-core-vs-heartrate-body-location"> </a><div style="display: inline-block; background-color: #d9e0e7; padding: 6px; margin: 4px; border: 1px solid #8da1b4; border-radius: 5px; line-height: 60%"><p style="margin-bottom: 0px"/><p style="margin-bottom: 0px">Profil: <a href="http://hl7.org/fhir/R4/shareablevalueset.html">Shareable ValueSetversion : null4.0.1)</a></p></div><ul><li>Include ce(s) code(s) tel quil(s) est (sont) défini(s) dans <a href="http://www.snomed.org/"><code>http://snomed.info/sct</code></a><span title="La version nest pas explicitement indiquée. Aucun {0} correspondant trouvé"> version Non précisé (utilise la dernière version provenant du serveur de terminologie)</span><table class="none"><tr><td style="white-space:nowrap"><b>Code</b></td><td><b>Affichage</b></td></tr><tr><td><a href="http://snomed.info/id/32062004">32062004</a></td><td>Common carotid artery structure (body structure)</td></tr><tr><td><a href="http://snomed.info/id/113263003">113263003</a></td><td>Left common carotid artery structure (body structure)</td></tr><tr><td><a href="http://snomed.info/id/65355003">65355003</a></td><td>Right common carotid artery structure (body structure)</td></tr><tr><td><a href="http://snomed.info/id/13383001">13383001</a></td><td>Structure of apex of heart (body structure)</td></tr><tr><td><a href="http://snomed.info/id/17137000">17137000</a></td><td>Structure of brachial artery (body structure)</td></tr><tr><td><a href="http://snomed.info/id/86547008">86547008</a></td><td>Structure of dorsalis pedis artery (body structure)</td></tr><tr><td><a href="http://snomed.info/id/7657000">7657000</a></td><td>Structure of femoral artery (body structure)</td></tr><tr><td><a href="http://snomed.info/id/723961002">723961002</a></td><td>Structure of left brachial artery (body structure)</td></tr><tr><td><a href="http://snomed.info/id/792817008">792817008</a></td><td>Structure of left dorsalis pedis artery (body structure)</td></tr><tr><td><a href="http://snomed.info/id/113270003">113270003</a></td><td>Structure of left femoral artery (body structure)</td></tr><tr><td><a href="http://snomed.info/id/25885001">25885001</a></td><td>Structure of left popliteal artery (body structure)</td></tr><tr><td><a href="http://snomed.info/id/214912001">214912001</a></td><td>Structure of left posterior tibial artery (body structure)</td></tr><tr><td><a href="http://snomed.info/id/50408007">50408007</a></td><td>Structure of left pulmonary artery</td></tr><tr><td><a href="http://snomed.info/id/368504007">368504007</a></td><td>Structure of left radial artery (body structure)</td></tr><tr><td><a href="http://snomed.info/id/1268741004">1268741004</a></td><td>Structure of left superficial temporal artery (body structure)</td></tr><tr><td><a href="http://snomed.info/id/368506009">368506009</a></td><td>Structure of left ulnar artery (body structure)</td></tr><tr><td><a href="http://snomed.info/id/43899006">43899006</a></td><td>Structure of popliteal artery (body structure)</td></tr><tr><td><a href="http://snomed.info/id/13363002">13363002</a></td><td>Structure of posterior tibial artery (body structure)</td></tr><tr><td><a href="http://snomed.info/id/45631007">45631007</a></td><td>Structure of radial artery (body structure)</td></tr><tr><td><a href="http://snomed.info/id/723962009">723962009</a></td><td>Structure of right brachial artery (body structure)</td></tr><tr><td><a href="http://snomed.info/id/792816004">792816004</a></td><td>Structure of right dorsalis pedis artery (body structure)</td></tr><tr><td><a href="http://snomed.info/id/69833005">69833005</a></td><td>Structure of right femoral artery (body structure)</td></tr><tr><td><a href="http://snomed.info/id/57832007">57832007</a></td><td>Structure of right popliteal artery (body structure)</td></tr><tr><td><a href="http://snomed.info/id/368503001">368503001</a></td><td>Structure of right radial artery (body structure)</td></tr><tr><td><a href="http://snomed.info/id/214811007">214811007</a></td><td>Structure of right posterior tibial artery (body structure)</td></tr><tr><td><a href="http://snomed.info/id/78480002">78480002</a></td><td>Structure of right pulmonary artery (body structure)</td></tr><tr><td><a href="http://snomed.info/id/1268742006">1268742006</a></td><td>Structure of right superficial temporal artery (body structure)</td></tr><tr><td><a href="http://snomed.info/id/368505008">368505008</a></td><td>Structure of right ulnar artery (body structure)</td></tr><tr><td><a href="http://snomed.info/id/15672000">15672000</a></td><td>Structure of superficial temporal artery (body structure)</td></tr><tr><td><a href="http://snomed.info/id/44984001">44984001</a></td><td>Structure of ulnar artery (body structure)</td></tr></table></li></ul></div></text><url value="https://hl7.fr/ig/fhir/core/ValueSet/fr-core-vs-heartrate-body-location"/><version value="2.2.0-ballot-2"/><name value="FRCoreValueSetHeartRateMeasurementBodyLocation"/><title value="Heart Rate Measurement Body Location Precoordinated value set"/><status value="active"/><experimental value="false"/><date value="2026-01-30T16:30:30+00:00"/><publisher value="Interop'Santé"/><contact><name value="Interop'Santé"/><telecom><system value="url"/><value value="http://interopsante.org"/></telecom></contact><contact><name value="InteropSanté"/><telecom><system value="email"/><value value="fhir@interopsante.org"/><use value="work"/></telecom></contact><description value="SELECT SNOMED CT code system values that describe where on the body the heart rate was measured."/><jurisdiction><coding><system value="urn:iso:std:iso:3166"/><code value="FRA"/><display value="France"/></coding></jurisdiction><compose><include><system value="http://snomed.info/sct"/><concept><code value="32062004"/><display value="Common carotid artery structure (body structure)"/></concept><concept><code value="113263003"/><display value="Left common carotid artery structure (body structure)"/></concept><concept><code value="65355003"/><display value="Right common carotid artery structure (body structure)"/></concept><concept><code value="13383001"/><display value="Structure of apex of heart (body structure)"/></concept><concept><code value="17137000"/><display value="Structure of brachial artery (body structure)"/></concept><concept><code value="86547008"/><display value="Structure of dorsalis pedis artery (body structure)"/></concept><concept><code value="7657000"/><display value="Structure of femoral artery (body structure)"/></concept><concept><code value="723961002"/><display value="Structure of left brachial artery (body structure)"/></concept><concept><code value="792817008"/><display value="Structure of left dorsalis pedis artery (body structure)"/></concept><concept><code value="113270003"/><display value="Structure of left femoral artery (body structure)"/></concept><concept><code value="25885001"/><display value="Structure of left popliteal artery (body structure)"/></concept><concept><code value="214912001"/><display value="Structure of left posterior tibial artery (body structure)"/></concept><concept><code value="50408007"/><display value="Structure of left pulmonary artery"/></concept><concept><code value="368504007"/><display value="Structure of left radial artery (body structure)"/></concept><concept><code value="1268741004"/><display value="Structure of left superficial temporal artery (body structure)"/></concept><concept><code value="368506009"/><display value="Structure of left ulnar artery (body structure)"/></concept><concept><code value="43899006"/><display value="Structure of popliteal artery (body structure)"/></concept><concept><code value="13363002"/><display value="Structure of posterior tibial artery (body structure)"/></concept><concept><code value="45631007"/><display value="Structure of radial artery (body structure)"/></concept><concept><code value="723962009"/><display value="Structure of right brachial artery (body structure)"/></concept><concept><code value="792816004"/><display value="Structure of right dorsalis pedis artery (body structure)"/></concept><concept><code value="69833005"/><display value="Structure of right femoral artery (body structure)"/></concept><concept><code value="57832007"/><display value="Structure of right popliteal artery (body structure)"/></concept><concept><code value="368503001"/><display value="Structure of right radial artery (body structure)"/></concept><concept><code value="214811007"/><display value="Structure of right posterior tibial artery (body structure)"/></concept><concept><code value="78480002"/><display value="Structure of right pulmonary artery (body structure)"/></concept><concept><code value="1268742006"/><display value="Structure of right superficial temporal artery (body structure)"/></concept><concept><code value="368505008"/><display value="Structure of right ulnar artery (body structure)"/></concept><concept><code value="15672000"/><display value="Structure of superficial temporal artery (body structure)"/></concept><concept><code value="44984001"/><display value="Structure of ulnar artery (body structure)"/></concept></include></compose></ValueSet>