{
  "resourceType" : "CodeSystem",
  "id" : "fr-core-cs-uf-indicateur",
  "meta" : {
    "profile" : ["http://hl7.org/fhir/StructureDefinition/shareablecodesystem|4.0.1"]
  },
  "text" : {
    "status" : "generated",
    "div" : "<div xmlns=\"http://www.w3.org/1999/xhtml\"><p class=\"res-header-id\"><b>Narratif généré : CodeSystem fr-core-cs-uf-indicateur</b></p><a name=\"fr-core-cs-uf-indicateur\"> </a><a name=\"hcfr-core-cs-uf-indicateur\"> </a><div style=\"display: inline-block; background-color: #d9e0e7; padding: 6px; margin: 4px; border: 1px solid #8da1b4; border-radius: 5px; line-height: 60%\"><p style=\"margin-bottom: 0px\"/><p style=\"margin-bottom: 0px\">Profil: <a href=\"http://hl7.org/fhir/R4/shareablecodesystem.html\">Shareable CodeSystemversion : null4.0.1)</a></p></div><p>This case-sensitive code system <code>https://hl7.fr/ig/fhir/core/CodeSystem/fr-core-cs-uf-indicateur</code> defines the following codes:</p><table class=\"codes\"><tr><td style=\"white-space:nowrap\"><b>Code</b></td><td><b>Affichage</b></td></tr><tr><td style=\"white-space:nowrap\">HEB<a name=\"fr-core-cs-uf-indicateur-HEB\"> </a></td><td>Hébergement</td></tr><tr><td style=\"white-space:nowrap\">SOIN<a name=\"fr-core-cs-uf-indicateur-SOIN\"> </a></td><td>Soin</td></tr><tr><td style=\"white-space:nowrap\">ADMIN<a name=\"fr-core-cs-uf-indicateur-ADMIN\"> </a></td><td>Administrative</td></tr><tr><td style=\"white-space:nowrap\">MED<a name=\"fr-core-cs-uf-indicateur-MED\"> </a></td><td>Médicale</td></tr><tr><td style=\"white-space:nowrap\">TECH<a name=\"fr-core-cs-uf-indicateur-TECH\"> </a></td><td>Technique</td></tr><tr><td style=\"white-space:nowrap\">MEDICOTECH<a name=\"fr-core-cs-uf-indicateur-MEDICOTECH\"> </a></td><td>medico technique (radio, scanner, ...)</td></tr><tr><td style=\"white-space:nowrap\">MAG<a name=\"fr-core-cs-uf-indicateur-MAG\"> </a></td><td>Magasin</td></tr></table></div>"
  },
  "url" : "https://hl7.fr/ig/fhir/core/CodeSystem/fr-core-cs-uf-indicateur",
  "version" : "2.2.0-ballot-2",
  "name" : "FRCoreCodeSystemUFIndicateur",
  "title" : "FR Core CodeSystem UF Indicator - indicateur d'une unité fonctionnelle",
  "status" : "draft",
  "experimental" : false,
  "date" : "2026-01-30T16:30:30+00:00",
  "publisher" : "Interop'Santé",
  "contact" : [{
    "name" : "Interop'Santé",
    "telecom" : [{
      "system" : "url",
      "value" : "http://interopsante.org"
    }]
  },
  {
    "name" : "InteropSanté",
    "telecom" : [{
      "system" : "email",
      "value" : "fhir@interopsante.org",
      "use" : "work"
    }]
  }],
  "description" : "Système de codage permettant de définir les indicateurs d'une unité fonctionnelle.",
  "jurisdiction" : [{
    "coding" : [{
      "system" : "urn:iso:std:iso:3166",
      "code" : "FRA",
      "display" : "France"
    }]
  }],
  "caseSensitive" : true,
  "content" : "complete",
  "count" : 7,
  "concept" : [{
    "code" : "HEB",
    "display" : "Hébergement"
  },
  {
    "code" : "SOIN",
    "display" : "Soin"
  },
  {
    "code" : "ADMIN",
    "display" : "Administrative"
  },
  {
    "code" : "MED",
    "display" : "Médicale"
  },
  {
    "code" : "TECH",
    "display" : "Technique"
  },
  {
    "code" : "MEDICOTECH",
    "display" : "medico technique (radio, scanner, ...)"
  },
  {
    "code" : "MAG",
    "display" : "Magasin"
  }]
}