{
  "resourceType" : "CodeSystem",
  "id" : "fr-core-cs-identifier-type",
  "meta" : {
    "profile" : ["http://hl7.org/fhir/StructureDefinition/shareablecodesystem|4.0.1"]
  },
  "text" : {
    "status" : "generated",
    "div" : "<div xmlns=\"http://www.w3.org/1999/xhtml\"><p class=\"res-header-id\"><b>Narratif généré : CodeSystem fr-core-cs-identifier-type</b></p><a name=\"fr-core-cs-identifier-type\"> </a><a name=\"hcfr-core-cs-identifier-type\"> </a><div style=\"display: inline-block; background-color: #d9e0e7; padding: 6px; margin: 4px; border: 1px solid #8da1b4; border-radius: 5px; line-height: 60%\"><p style=\"margin-bottom: 0px\"/><p style=\"margin-bottom: 0px\">Profil: <a href=\"http://hl7.org/fhir/R4/shareablecodesystem.html\">Shareable CodeSystemversion : null4.0.1)</a></p></div><p>This case-sensitive code system <code>https://hl7.fr/ig/fhir/core/CodeSystem/fr-core-cs-identifier-type</code> defines the following codes:</p><table class=\"codes\"><tr><td style=\"white-space:nowrap\"><b>Code</b></td><td><b>Affichage</b></td><td><b>Définition</b></td></tr><tr><td style=\"white-space:nowrap\">VN<a name=\"fr-core-cs-identifier-type-VN\"> </a></td><td>Visit Number</td><td>Visit Number</td></tr><tr><td style=\"white-space:nowrap\">MN<a name=\"fr-core-cs-identifier-type-MN\"> </a></td><td>Movement Number</td><td>Movement Number</td></tr></table></div>"
  },
  "url" : "https://hl7.fr/ig/fhir/core/CodeSystem/fr-core-cs-identifier-type",
  "version" : "2.2.0-ballot-2",
  "name" : "FRCoreCodeSystemIdentifierType",
  "title" : "FR Core CodeSystem Identifier Type",
  "status" : "draft",
  "experimental" : false,
  "date" : "2026-01-30T16:30:30+00:00",
  "publisher" : "Interop'Santé",
  "contact" : [{
    "name" : "Interop'Santé",
    "telecom" : [{
      "system" : "url",
      "value" : "http://interopsante.org"
    }]
  },
  {
    "name" : "InteropSanté",
    "telecom" : [{
      "system" : "email",
      "value" : "fhir@interopsante.org",
      "use" : "work"
    }]
  }],
  "description" : "Identifier type",
  "jurisdiction" : [{
    "coding" : [{
      "system" : "urn:iso:std:iso:3166",
      "code" : "FRA",
      "display" : "France"
    }]
  }],
  "caseSensitive" : true,
  "content" : "complete",
  "count" : 2,
  "concept" : [{
    "code" : "VN",
    "display" : "Visit Number",
    "definition" : "Visit Number"
  },
  {
    "code" : "MN",
    "display" : "Movement Number",
    "definition" : "Movement Number"
  }]
}