{
  "resourceType" : "CodeSystem",
  "id" : "fr-core-cs-v2-3307",
  "meta" : {
    "profile" : ["http://hl7.org/fhir/StructureDefinition/shareablecodesystem|4.0.1"]
  },
  "text" : {
    "status" : "generated",
    "div" : "<div xmlns=\"http://www.w3.org/1999/xhtml\"><p class=\"res-header-id\"><b>Narratif généré : CodeSystem fr-core-cs-v2-3307</b></p><a name=\"fr-core-cs-v2-3307\"> </a><a name=\"hcfr-core-cs-v2-3307\"> </a><div style=\"display: inline-block; background-color: #d9e0e7; padding: 6px; margin: 4px; border: 1px solid #8da1b4; border-radius: 5px; line-height: 60%\"><p style=\"margin-bottom: 0px\"/><p style=\"margin-bottom: 0px\">Profil: <a href=\"http://hl7.org/fhir/R4/shareablecodesystem.html\">Shareable CodeSystemversion : null4.0.1)</a></p></div><p>This case-sensitive code system <code>https://hl7.fr/ig/fhir/core/CodeSystem/fr-core-cs-v2-3307</code> defines the following codes:</p><table class=\"codes\"><tr><td style=\"white-space:nowrap\"><b>Code</b></td><td><b>Affichage</b></td></tr><tr><td style=\"white-space:nowrap\">GHT<a name=\"fr-core-cs-v2-3307-GHT\"> </a></td><td>Groupement hospitalier de territoire</td></tr><tr><td style=\"white-space:nowrap\">LEGAL-ENTITY<a name=\"fr-core-cs-v2-3307-LEGAL-ENTITY\"> </a></td><td>Entité légale</td></tr><tr><td style=\"white-space:nowrap\">GEOGRAPHICAL-ENTITY<a name=\"fr-core-cs-v2-3307-GEOGRAPHICAL-ENTITY\"> </a></td><td>Entité géographique</td></tr><tr><td style=\"white-space:nowrap\">GROUP<a name=\"fr-core-cs-v2-3307-GROUP\"> </a></td><td>Groupe privé/hospitalier</td></tr><tr><td style=\"white-space:nowrap\">STRUCT-INTERNE<a name=\"fr-core-cs-v2-3307-STRUCT-INTERNE\"> </a></td><td>Structure interne</td></tr><tr><td style=\"white-space:nowrap\">SECTEUR<a name=\"fr-core-cs-v2-3307-SECTEUR\"> </a></td><td>Secteur</td></tr><tr><td style=\"white-space:nowrap\">DEPARTEMENT<a name=\"fr-core-cs-v2-3307-DEPARTEMENT\"> </a></td><td>Département</td></tr><tr><td style=\"white-space:nowrap\">SERVICE<a name=\"fr-core-cs-v2-3307-SERVICE\"> </a></td><td>Service</td></tr><tr><td style=\"white-space:nowrap\">UM<a name=\"fr-core-cs-v2-3307-UM\"> </a></td><td>Unité médicale</td></tr><tr><td style=\"white-space:nowrap\">UAC<a name=\"fr-core-cs-v2-3307-UAC\"> </a></td><td>Unité d'activité</td></tr><tr><td style=\"white-space:nowrap\">POLE<a name=\"fr-core-cs-v2-3307-POLE\"> </a></td><td>Pôle</td></tr><tr><td style=\"white-space:nowrap\">CENTRE-RESP<a name=\"fr-core-cs-v2-3307-CENTRE-RESP\"> </a></td><td>Centre de responsabilité</td></tr><tr><td style=\"white-space:nowrap\">CENTRE-ACTIVITE<a name=\"fr-core-cs-v2-3307-CENTRE-ACTIVITE\"> </a></td><td>Centre d'activité</td></tr><tr><td style=\"white-space:nowrap\">UF<a name=\"fr-core-cs-v2-3307-UF\"> </a></td><td>Unité fonctionnelle</td></tr></table></div>"
  },
  "url" : "https://hl7.fr/ig/fhir/core/CodeSystem/fr-core-cs-v2-3307",
  "version" : "2.2.0-ballot-2",
  "name" : "FRCoreCodeSystemv2_3307",
  "title" : "FR Core CodeSystem v2-3307",
  "status" : "draft",
  "experimental" : false,
  "date" : "2026-01-30T16:30:30+00:00",
  "publisher" : "Interop'Santé",
  "contact" : [{
    "name" : "Interop'Santé",
    "telecom" : [{
      "system" : "url",
      "value" : "http://interopsante.org"
    }]
  },
  {
    "name" : "InteropSanté",
    "telecom" : [{
      "system" : "email",
      "value" : "fhir@interopsante.org",
      "use" : "work"
    }]
  }],
  "description" : "HL7 v2 - Table 3307",
  "jurisdiction" : [{
    "coding" : [{
      "system" : "urn:iso:std:iso:3166",
      "code" : "FRA",
      "display" : "France"
    }]
  }],
  "caseSensitive" : true,
  "content" : "complete",
  "count" : 14,
  "concept" : [{
    "code" : "GHT",
    "display" : "Groupement hospitalier de territoire"
  },
  {
    "code" : "LEGAL-ENTITY",
    "display" : "Entité légale"
  },
  {
    "code" : "GEOGRAPHICAL-ENTITY",
    "display" : "Entité géographique"
  },
  {
    "code" : "GROUP",
    "display" : "Groupe privé/hospitalier"
  },
  {
    "code" : "STRUCT-INTERNE",
    "display" : "Structure interne"
  },
  {
    "code" : "SECTEUR",
    "display" : "Secteur"
  },
  {
    "code" : "DEPARTEMENT",
    "display" : "Département"
  },
  {
    "code" : "SERVICE",
    "display" : "Service"
  },
  {
    "code" : "UM",
    "display" : "Unité médicale"
  },
  {
    "code" : "UAC",
    "display" : "Unité d'activité"
  },
  {
    "code" : "POLE",
    "display" : "Pôle"
  },
  {
    "code" : "CENTRE-RESP",
    "display" : "Centre de responsabilité"
  },
  {
    "code" : "CENTRE-ACTIVITE",
    "display" : "Centre d'activité"
  },
  {
    "code" : "UF",
    "display" : "Unité fonctionnelle"
  }]
}