{
  "resourceType" : "CodeSystem",
  "id" : "fr-core-cs-code-tarif-tnjp",
  "meta" : {
    "profile" : ["http://hl7.org/fhir/StructureDefinition/shareablecodesystem|4.0.1"]
  },
  "text" : {
    "status" : "generated",
    "div" : "<div xmlns=\"http://www.w3.org/1999/xhtml\"><p class=\"res-header-id\"><b>Narratif généré : CodeSystem fr-core-cs-code-tarif-tnjp</b></p><a name=\"fr-core-cs-code-tarif-tnjp\"> </a><a name=\"hcfr-core-cs-code-tarif-tnjp\"> </a><div style=\"display: inline-block; background-color: #d9e0e7; padding: 6px; margin: 4px; border: 1px solid #8da1b4; border-radius: 5px; line-height: 60%\"><p style=\"margin-bottom: 0px\"/><p style=\"margin-bottom: 0px\">Profil: <a href=\"http://hl7.org/fhir/R4/shareablecodesystem.html\">Shareable CodeSystemversion : null4.0.1)</a></p></div><p>This case-sensitive code system <code>https://hl7.fr/ig/fhir/core/CodeSystem/fr-core-cs-code-tarif-tnjp</code> defines the following codes:</p><table class=\"codes\"><tr><td style=\"white-space:nowrap\"><b>Code</b></td><td><b>Affichage</b></td></tr><tr><td style=\"white-space:nowrap\">03<a name=\"fr-core-cs-code-tarif-tnjp-03\"> </a></td><td>Médecine UM gériatrie, addictologie, douleurs chroniques-HC</td></tr><tr><td style=\"white-space:nowrap\">04<a name=\"fr-core-cs-code-tarif-tnjp-04\"> </a></td><td>Médecine UM gériatrie, addictologie, douleurs chroniques-ambu</td></tr><tr><td style=\"white-space:nowrap\">11<a name=\"fr-core-cs-code-tarif-tnjp-11\"> </a></td><td>Médecine autres UM-HC</td></tr><tr><td style=\"white-space:nowrap\">50<a name=\"fr-core-cs-code-tarif-tnjp-50\"> </a></td><td>Médecine autres UM-ambu</td></tr><tr><td style=\"white-space:nowrap\">48<a name=\"fr-core-cs-code-tarif-tnjp-48\"> </a></td><td>Médecine - GHS intermédiaire</td></tr><tr><td style=\"white-space:nowrap\">45<a name=\"fr-core-cs-code-tarif-tnjp-45\"> </a></td><td>Médecine - Administration des produits de la réserve hospitalière</td></tr><tr><td style=\"white-space:nowrap\">20<a name=\"fr-core-cs-code-tarif-tnjp-20\"> </a></td><td>Spécialités couteuses</td></tr><tr><td style=\"white-space:nowrap\">26<a name=\"fr-core-cs-code-tarif-tnjp-26\"> </a></td><td>Spé très couteuses - REA</td></tr><tr><td style=\"white-space:nowrap\">12<a name=\"fr-core-cs-code-tarif-tnjp-12\"> </a></td><td>Chirurgie - HC</td></tr><tr><td style=\"white-space:nowrap\">90<a name=\"fr-core-cs-code-tarif-tnjp-90\"> </a></td><td>Chirurgie -ambu</td></tr><tr><td style=\"white-space:nowrap\">23<a name=\"fr-core-cs-code-tarif-tnjp-23\"> </a></td><td>Obstétrique - HC</td></tr><tr><td style=\"white-space:nowrap\">24<a name=\"fr-core-cs-code-tarif-tnjp-24\"> </a></td><td>Obstétrique-ambu</td></tr><tr><td style=\"white-space:nowrap\">25<a name=\"fr-core-cs-code-tarif-tnjp-25\"> </a></td><td>Nouveaux Nés - HC</td></tr><tr><td style=\"white-space:nowrap\">53<a name=\"fr-core-cs-code-tarif-tnjp-53\"> </a></td><td>Séance chimiothérapie</td></tr><tr><td style=\"white-space:nowrap\">52<a name=\"fr-core-cs-code-tarif-tnjp-52\"> </a></td><td>Séance dialyse</td></tr><tr><td style=\"white-space:nowrap\">49<a name=\"fr-core-cs-code-tarif-tnjp-49\"> </a></td><td>Séance de protonthérapie</td></tr><tr><td style=\"white-space:nowrap\">51<a name=\"fr-core-cs-code-tarif-tnjp-51\"> </a></td><td>Séances Radiot Hte Precision : stéréotaxie, Irradiation corporelle totale, autres techniques spéciales, RCMI</td></tr><tr><td style=\"white-space:nowrap\">27<a name=\"fr-core-cs-code-tarif-tnjp-27\"> </a></td><td>Autres séances</td></tr><tr><td style=\"white-space:nowrap\">70<a name=\"fr-core-cs-code-tarif-tnjp-70\"> </a></td><td>Hospitalisation à domicile (cas général)</td></tr><tr><td style=\"white-space:nowrap\">13<a name=\"fr-core-cs-code-tarif-tnjp-13\"> </a></td><td>Hospitalisation complète de + de 18 ans</td></tr><tr><td style=\"white-space:nowrap\">54<a name=\"fr-core-cs-code-tarif-tnjp-54\"> </a></td><td>Hospitalisation partielle de + de 18 ans</td></tr><tr><td style=\"white-space:nowrap\">14<a name=\"fr-core-cs-code-tarif-tnjp-14\"> </a></td><td>Hospitalisation complète de - de 18 ans</td></tr><tr><td style=\"white-space:nowrap\">55<a name=\"fr-core-cs-code-tarif-tnjp-55\"> </a></td><td>Hospitalisation partielle de - de 18 ans</td></tr><tr><td style=\"white-space:nowrap\">57<a name=\"fr-core-cs-code-tarif-tnjp-57\"> </a></td><td>Centre de Crise de + de 18 ans</td></tr><tr><td style=\"white-space:nowrap\">58<a name=\"fr-core-cs-code-tarif-tnjp-58\"> </a></td><td>Centre de Crise de - de 18 ans</td></tr><tr><td style=\"white-space:nowrap\">91<a name=\"fr-core-cs-code-tarif-tnjp-91\"> </a></td><td>PEDIATRIE- BRULES - ONCOHEMATOLOGIE - HC</td></tr><tr><td style=\"white-space:nowrap\">92<a name=\"fr-core-cs-code-tarif-tnjp-92\"> </a></td><td>NEUROLOGIE - HC</td></tr><tr><td style=\"white-space:nowrap\">93<a name=\"fr-core-cs-code-tarif-tnjp-93\"> </a></td><td>CARDIOLOGIE - HC</td></tr><tr><td style=\"white-space:nowrap\">94<a name=\"fr-core-cs-code-tarif-tnjp-94\"> </a></td><td>LOCOMOTEUR - HC</td></tr><tr><td style=\"white-space:nowrap\">95<a name=\"fr-core-cs-code-tarif-tnjp-95\"> </a></td><td>GERIATRIE - HC</td></tr><tr><td style=\"white-space:nowrap\">96<a name=\"fr-core-cs-code-tarif-tnjp-96\"> </a></td><td>DIGESTIF - HC</td></tr><tr><td style=\"white-space:nowrap\">97<a name=\"fr-core-cs-code-tarif-tnjp-97\"> </a></td><td>RESPIRATOIRE - HC</td></tr><tr><td style=\"white-space:nowrap\">87<a name=\"fr-core-cs-code-tarif-tnjp-87\"> </a></td><td>ADDICTION - HC</td></tr><tr><td style=\"white-space:nowrap\">88<a name=\"fr-core-cs-code-tarif-tnjp-88\"> </a></td><td>POLYVALENT - HC</td></tr><tr><td style=\"white-space:nowrap\">31<a name=\"fr-core-cs-code-tarif-tnjp-31\"> </a></td><td>PEDIATRIE- BRULES - ONCOHEMATOLOGIE - HP</td></tr><tr><td style=\"white-space:nowrap\">32<a name=\"fr-core-cs-code-tarif-tnjp-32\"> </a></td><td>NEUROLOGIE - HP</td></tr><tr><td style=\"white-space:nowrap\">33<a name=\"fr-core-cs-code-tarif-tnjp-33\"> </a></td><td>CARDIOLOGIE - HP</td></tr><tr><td style=\"white-space:nowrap\">34<a name=\"fr-core-cs-code-tarif-tnjp-34\"> </a></td><td>LOCOMOTEUR - HP</td></tr><tr><td style=\"white-space:nowrap\">35<a name=\"fr-core-cs-code-tarif-tnjp-35\"> </a></td><td>GERIATRIE - HP</td></tr><tr><td style=\"white-space:nowrap\">36<a name=\"fr-core-cs-code-tarif-tnjp-36\"> </a></td><td>DIGESTIF - HP</td></tr><tr><td style=\"white-space:nowrap\">37<a name=\"fr-core-cs-code-tarif-tnjp-37\"> </a></td><td>RESPIRATOIRE - HP</td></tr><tr><td style=\"white-space:nowrap\">38<a name=\"fr-core-cs-code-tarif-tnjp-38\"> </a></td><td>ADDICTION - HP</td></tr><tr><td style=\"white-space:nowrap\">39<a name=\"fr-core-cs-code-tarif-tnjp-39\"> </a></td><td>POLYVALENT - HP</td></tr></table></div>"
  },
  "url" : "https://hl7.fr/ig/fhir/core/CodeSystem/fr-core-cs-code-tarif-tnjp",
  "version" : "2.2.0-ballot-2",
  "name" : "FRCoreCodeSystemCodeTarifTNJP",
  "title" : "FR Core CodeSystem Codes Tarifs - nomenclature TNJP",
  "status" : "draft",
  "experimental" : false,
  "date" : "2026-01-30T16:30:30+00:00",
  "publisher" : "Interop'Santé",
  "contact" : [{
    "name" : "Interop'Santé",
    "telecom" : [{
      "system" : "url",
      "value" : "http://interopsante.org"
    }]
  },
  {
    "name" : "InteropSanté",
    "telecom" : [{
      "system" : "email",
      "value" : "fhir@interopsante.org",
      "use" : "work"
    }]
  }],
  "description" : "La nomenclature des codes Tarif - Tarifs Nationaux Journaliers des Prestations",
  "jurisdiction" : [{
    "coding" : [{
      "system" : "urn:iso:std:iso:3166",
      "code" : "FRA",
      "display" : "France"
    }]
  }],
  "caseSensitive" : true,
  "content" : "complete",
  "count" : 43,
  "concept" : [{
    "code" : "03",
    "display" : "Médecine UM gériatrie, addictologie, douleurs chroniques-HC"
  },
  {
    "code" : "04",
    "display" : "Médecine UM gériatrie, addictologie, douleurs chroniques-ambu"
  },
  {
    "code" : "11",
    "display" : "Médecine autres UM-HC"
  },
  {
    "code" : "50",
    "display" : "Médecine autres UM-ambu"
  },
  {
    "code" : "48",
    "display" : "Médecine - GHS intermédiaire"
  },
  {
    "code" : "45",
    "display" : "Médecine - Administration des produits de la réserve hospitalière"
  },
  {
    "code" : "20",
    "display" : "Spécialités couteuses"
  },
  {
    "code" : "26",
    "display" : "Spé très couteuses - REA"
  },
  {
    "code" : "12",
    "display" : "Chirurgie - HC"
  },
  {
    "code" : "90",
    "display" : "Chirurgie -ambu"
  },
  {
    "code" : "23",
    "display" : "Obstétrique - HC"
  },
  {
    "code" : "24",
    "display" : "Obstétrique-ambu"
  },
  {
    "code" : "25",
    "display" : "Nouveaux Nés - HC"
  },
  {
    "code" : "53",
    "display" : "Séance chimiothérapie"
  },
  {
    "code" : "52",
    "display" : "Séance dialyse"
  },
  {
    "code" : "49",
    "display" : "Séance de protonthérapie"
  },
  {
    "code" : "51",
    "display" : "Séances Radiot Hte Precision : stéréotaxie, Irradiation corporelle totale, autres techniques spéciales, RCMI"
  },
  {
    "code" : "27",
    "display" : "Autres séances"
  },
  {
    "code" : "70",
    "display" : "Hospitalisation à domicile (cas général)"
  },
  {
    "code" : "13",
    "display" : "Hospitalisation complète de + de 18 ans"
  },
  {
    "code" : "54",
    "display" : "Hospitalisation partielle de + de 18 ans"
  },
  {
    "code" : "14",
    "display" : "Hospitalisation complète de - de 18 ans"
  },
  {
    "code" : "55",
    "display" : "Hospitalisation partielle de - de 18 ans"
  },
  {
    "code" : "57",
    "display" : "Centre de Crise de + de 18 ans"
  },
  {
    "code" : "58",
    "display" : "Centre de Crise de - de 18 ans"
  },
  {
    "code" : "91",
    "display" : "PEDIATRIE- BRULES - ONCOHEMATOLOGIE - HC"
  },
  {
    "code" : "92",
    "display" : "NEUROLOGIE - HC"
  },
  {
    "code" : "93",
    "display" : "CARDIOLOGIE - HC"
  },
  {
    "code" : "94",
    "display" : "LOCOMOTEUR - HC"
  },
  {
    "code" : "95",
    "display" : "GERIATRIE - HC"
  },
  {
    "code" : "96",
    "display" : "DIGESTIF - HC"
  },
  {
    "code" : "97",
    "display" : "RESPIRATOIRE - HC"
  },
  {
    "code" : "87",
    "display" : "ADDICTION - HC"
  },
  {
    "code" : "88",
    "display" : "POLYVALENT - HC"
  },
  {
    "code" : "31",
    "display" : "PEDIATRIE- BRULES - ONCOHEMATOLOGIE - HP"
  },
  {
    "code" : "32",
    "display" : "NEUROLOGIE - HP"
  },
  {
    "code" : "33",
    "display" : "CARDIOLOGIE - HP"
  },
  {
    "code" : "34",
    "display" : "LOCOMOTEUR - HP"
  },
  {
    "code" : "35",
    "display" : "GERIATRIE - HP"
  },
  {
    "code" : "36",
    "display" : "DIGESTIF - HP"
  },
  {
    "code" : "37",
    "display" : "RESPIRATOIRE - HP"
  },
  {
    "code" : "38",
    "display" : "ADDICTION - HP"
  },
  {
    "code" : "39",
    "display" : "POLYVALENT - HP"
  }]
}