{
  "resourceType" : "ValueSet",
  "id" : "fr-core-vs-organization-uac-type",
  "meta" : {
    "profile" : ["http://hl7.org/fhir/StructureDefinition/shareablevalueset|4.0.1"]
  },
  "text" : {
    "status" : "generated",
    "div" : "<div xmlns=\"http://www.w3.org/1999/xhtml\"><p class=\"res-header-id\"><b>Narratif généré : EnsembleValeurs fr-core-vs-organization-uac-type</b></p><a name=\"fr-core-vs-organization-uac-type\"> </a><a name=\"hcfr-core-vs-organization-uac-type\"> </a><div style=\"display: inline-block; background-color: #d9e0e7; padding: 6px; margin: 4px; border: 1px solid #8da1b4; border-radius: 5px; line-height: 60%\"><p style=\"margin-bottom: 0px\"/><p style=\"margin-bottom: 0px\">Profil: <a href=\"http://hl7.org/fhir/R4/shareablevalueset.html\">Shareable ValueSetversion : null4.0.1)</a></p></div><ul><li>Include ce(s) code(s) tel quil(s) est (sont) défini(s) dans <a href=\"CodeSystem-fr-core-cs-v2-3307.html\"><code>https://hl7.fr/ig/fhir/core/CodeSystem/fr-core-cs-v2-3307</code></a><span title=\"La version nest pas explicitement indiquée, ce qui signifie quelle est fixée à la version fournie dans cette spécification\"> version &#x1F4E6;2.2.0-ballot-2</span><table class=\"none\"><tr><td style=\"white-space:nowrap\"><b>Code</b></td><td><b>Affichage</b></td></tr><tr><td><a href=\"CodeSystem-fr-core-cs-v2-3307.html#fr-core-cs-v2-3307-UAC\">UAC</a></td><td>Unité d'activité</td></tr></table></li></ul></div>"
  },
  "url" : "https://hl7.fr/ig/fhir/core/ValueSet/fr-core-vs-organization-uac-type",
  "version" : "2.2.0-ballot-2",
  "name" : "FRCoreValueSetOrganizationUACType",
  "title" : "FR Core ValueSet Organization UAC type",
  "status" : "active",
  "experimental" : false,
  "date" : "2026-01-30T16:30:30+00:00",
  "publisher" : "Interop'Santé",
  "contact" : [{
    "name" : "Interop'Santé",
    "telecom" : [{
      "system" : "url",
      "value" : "http://interopsante.org"
    }]
  },
  {
    "name" : "InteropSanté",
    "telecom" : [{
      "system" : "email",
      "value" : "fhir@interopsante.org",
      "use" : "work"
    }]
  }],
  "description" : "Types de structure représentant des unités d'activité.",
  "jurisdiction" : [{
    "coding" : [{
      "system" : "urn:iso:std:iso:3166",
      "code" : "FRA",
      "display" : "France"
    }]
  }],
  "compose" : {
    "include" : [{
      "system" : "https://hl7.fr/ig/fhir/core/CodeSystem/fr-core-cs-v2-3307",
      "concept" : [{
        "code" : "UAC",
        "display" : "Unité d'activité"
      }]
    }]
  }
}