{
  "resourceType" : "ValueSet",
  "id" : "fr-core-vs-contact-relationship",
  "meta" : {
    "profile" : ["http://hl7.org/fhir/StructureDefinition/shareablevalueset|4.0.1"]
  },
  "text" : {
    "status" : "extensions",
    "div" : "<div xmlns=\"http://www.w3.org/1999/xhtml\"><p class=\"res-header-id\"><b>Narratif généré : EnsembleValeurs fr-core-vs-contact-relationship</b></p><a name=\"fr-core-vs-contact-relationship\"> </a><a name=\"hcfr-core-vs-contact-relationship\"> </a><div style=\"display: inline-block; background-color: #d9e0e7; padding: 6px; margin: 4px; border: 1px solid #8da1b4; border-radius: 5px; line-height: 60%\"><p style=\"margin-bottom: 0px\"/><p style=\"margin-bottom: 0px\">Profil: <a href=\"http://hl7.org/fhir/R4/shareablevalueset.html\">Shareable ValueSetversion : null4.0.1)</a></p></div><p>Ce jeu de valeur (ValueSet) inclut les codes selon les règles suivantes :</p><ul><li>Inclut ce(s) code(s) tel quil(s) est (sont) défini(s) dans <a href=\"http://terminology.hl7.org/7.0.1/CodeSystem-v2-0131.html\"><code>http://terminology.hl7.org/CodeSystem/v2-0131</code></a><span title=\"La version nest pas explicitement indiquée, ce qui signifie quelle est fixée à 3.0.0, la version trouvée via les références de package\"> version &#x1F4E6;3.0.0</span><table class=\"none\"><tr><td style=\"white-space:nowrap\"><b>Code</b></td><td><b>Affichage</b></td><td><b>Définition</b></td></tr><tr><td><a href=\"http://terminology.hl7.org/7.0.1/CodeSystem-v2-0131.html#v2-0131-O\">O</a></td><td>Other</td><td>Other</td></tr><tr><td><a href=\"http://terminology.hl7.org/7.0.1/CodeSystem-v2-0131.html#v2-0131-U\">U</a></td><td>Unknown</td><td>Unknown</td></tr><tr><td><a href=\"http://terminology.hl7.org/7.0.1/CodeSystem-v2-0131.html#v2-0131-N\">N</a></td><td>Next of kin</td><td>Next-of-Kin</td></tr></table></li><li>Inclut ce(s) code(s) tel quil(s) est (sont) défini(s) dans <a href=\"CodeSystem-fr-core-cs-contact-relationship.html\"><code>https://hl7.fr/ig/fhir/core/CodeSystem/fr-core-cs-contact-relationship</code></a><span title=\"La version nest pas explicitement indiquée, ce qui signifie quelle est fixée à la version fournie dans cette spécification\"> version &#x1F4E6;2.2.0-ballot-2</span><table class=\"none\"><tr><td style=\"white-space:nowrap\"><b>Code</b></td><td><b>Affichage</b></td><td><b>Définition</b></td></tr><tr><td><a href=\"CodeSystem-fr-core-cs-contact-relationship.html#fr-core-cs-contact-relationship-WRD\">WRD</a></td><td>Dépositaire de la tutelle judiciare</td><td>Dépositaire de la tutelle judiciare</td></tr><tr><td><a href=\"CodeSystem-fr-core-cs-contact-relationship.html#fr-core-cs-contact-relationship-GRD\">GRD</a></td><td>Tuteur</td><td>Tuteur</td></tr><tr><td><a href=\"CodeSystem-fr-core-cs-contact-relationship.html#fr-core-cs-contact-relationship-CUR\">CUR</a></td><td>Représentant légal</td><td>Représentant légal</td></tr><tr><td><a href=\"CodeSystem-fr-core-cs-contact-relationship.html#fr-core-cs-contact-relationship-CURTL\">CURTL</a></td><td>Curatelle</td><td>Curatelle</td></tr><tr><td><a href=\"CodeSystem-fr-core-cs-contact-relationship.html#fr-core-cs-contact-relationship-EDUREF\">EDUREF</a></td><td>Educateur référent</td><td>Educateur référent</td></tr><tr><td><a href=\"CodeSystem-fr-core-cs-contact-relationship.html#fr-core-cs-contact-relationship-SVG\">SVG</a></td><td>Sauvegarde juridique</td><td>Sauvegarde juridique</td></tr><tr><td><a href=\"CodeSystem-fr-core-cs-contact-relationship.html#fr-core-cs-contact-relationship-K\">K</a></td><td>Personne de confiance</td><td>Personne de confiance</td></tr><tr><td><a href=\"CodeSystem-fr-core-cs-contact-relationship.html#fr-core-cs-contact-relationship-P\">P</a></td><td>Personne à ne pas prévenir</td><td>Personne à ne pas prévenir</td></tr><tr><td><a href=\"CodeSystem-fr-core-cs-contact-relationship.html#fr-core-cs-contact-relationship-FAMMEMB\">FAMMEMB</a></td><td>family member</td><td>family member</td></tr><tr><td><a href=\"CodeSystem-fr-core-cs-contact-relationship.html#fr-core-cs-contact-relationship-CHILD\">CHILD</a></td><td>child</td><td>child</td></tr><tr><td><a href=\"CodeSystem-fr-core-cs-contact-relationship.html#fr-core-cs-contact-relationship-CHLDADOPT\">CHLDADOPT</a></td><td>adopted child</td><td>adopted child</td></tr><tr><td><a href=\"CodeSystem-fr-core-cs-contact-relationship.html#fr-core-cs-contact-relationship-DAUADOPT\">DAUADOPT</a></td><td>adopted daughter</td><td>adopted daughter</td></tr><tr><td><a href=\"CodeSystem-fr-core-cs-contact-relationship.html#fr-core-cs-contact-relationship-SONADOPT\">SONADOPT</a></td><td>adopted son</td><td>adopted son</td></tr><tr><td><a href=\"CodeSystem-fr-core-cs-contact-relationship.html#fr-core-cs-contact-relationship-CHLDFOST\">CHLDFOST</a></td><td>foster child</td><td>foster child</td></tr><tr><td><a href=\"CodeSystem-fr-core-cs-contact-relationship.html#fr-core-cs-contact-relationship-SONFOST\">SONFOST</a></td><td>foster son</td><td>foster son</td></tr><tr><td><a href=\"CodeSystem-fr-core-cs-contact-relationship.html#fr-core-cs-contact-relationship-DAUC\">DAUC</a></td><td>daughter</td><td>daughter</td></tr><tr><td><a href=\"CodeSystem-fr-core-cs-contact-relationship.html#fr-core-cs-contact-relationship-STPDAU\">STPDAU</a></td><td>stepdaughter</td><td>stepdaughter</td></tr><tr><td><a href=\"CodeSystem-fr-core-cs-contact-relationship.html#fr-core-cs-contact-relationship-SONC\">SONC</a></td><td>son</td><td>son</td></tr><tr><td><a href=\"CodeSystem-fr-core-cs-contact-relationship.html#fr-core-cs-contact-relationship-STPSON\">STPSON</a></td><td>stepson</td><td>stepson</td></tr><tr><td><a href=\"CodeSystem-fr-core-cs-contact-relationship.html#fr-core-cs-contact-relationship-STPCHLD\">STPCHLD</a></td><td>step child</td><td>step child</td></tr><tr><td><a href=\"CodeSystem-fr-core-cs-contact-relationship.html#fr-core-cs-contact-relationship-EXT\">EXT</a></td><td>extended family member</td><td>extended family member</td></tr><tr><td><a href=\"CodeSystem-fr-core-cs-contact-relationship.html#fr-core-cs-contact-relationship-AUNT\">AUNT</a></td><td>aunt</td><td>aunt</td></tr><tr><td><a href=\"CodeSystem-fr-core-cs-contact-relationship.html#fr-core-cs-contact-relationship-COUSN\">COUSN</a></td><td>cousin</td><td>cousin</td></tr><tr><td><a href=\"CodeSystem-fr-core-cs-contact-relationship.html#fr-core-cs-contact-relationship-GGRPRN\">GGRPRN</a></td><td>great grandparent</td><td>great grandparent</td></tr><tr><td><a href=\"CodeSystem-fr-core-cs-contact-relationship.html#fr-core-cs-contact-relationship-GGRFTH\">GGRFTH</a></td><td>great grandfather</td><td>great grandfather</td></tr><tr><td><a href=\"CodeSystem-fr-core-cs-contact-relationship.html#fr-core-cs-contact-relationship-GGRMTH\">GGRMTH</a></td><td>great grandmather</td><td>great grandmather</td></tr><tr><td><a href=\"CodeSystem-fr-core-cs-contact-relationship.html#fr-core-cs-contact-relationship-GRNDCHILD\">GRNDCHILD</a></td><td>grandchild</td><td>grandchild</td></tr><tr><td><a href=\"CodeSystem-fr-core-cs-contact-relationship.html#fr-core-cs-contact-relationship-GRNDDAU\">GRNDDAU</a></td><td>granddaughter</td><td>granddaughter</td></tr><tr><td><a href=\"CodeSystem-fr-core-cs-contact-relationship.html#fr-core-cs-contact-relationship-GRNDSON\">GRNDSON</a></td><td>grandson</td><td>grandson</td></tr><tr><td><a href=\"CodeSystem-fr-core-cs-contact-relationship.html#fr-core-cs-contact-relationship-GRPRN\">GRPRN</a></td><td>grandparent</td><td>grandparent</td></tr><tr><td><a href=\"CodeSystem-fr-core-cs-contact-relationship.html#fr-core-cs-contact-relationship-GRFTH\">GRFTH</a></td><td>grandfather</td><td>grandfather</td></tr><tr><td><a href=\"CodeSystem-fr-core-cs-contact-relationship.html#fr-core-cs-contact-relationship-GRMTH\">GRMTH</a></td><td>grandmather</td><td>grandmather</td></tr><tr><td><a href=\"CodeSystem-fr-core-cs-contact-relationship.html#fr-core-cs-contact-relationship-CHLDINLAW\">CHLDINLAW</a></td><td>child in-law</td><td>child in-law</td></tr><tr><td><a href=\"CodeSystem-fr-core-cs-contact-relationship.html#fr-core-cs-contact-relationship-DAUINLAW\">DAUINLAW</a></td><td>daughter in-law</td><td>daughter in-law</td></tr><tr><td><a href=\"CodeSystem-fr-core-cs-contact-relationship.html#fr-core-cs-contact-relationship-PRNINLAW\">PRNINLAW</a></td><td>parent in-law</td><td>parent in-law</td></tr><tr><td><a href=\"CodeSystem-fr-core-cs-contact-relationship.html#fr-core-cs-contact-relationship-FTHINLAW\">FTHINLAW</a></td><td>father in-law</td><td>father in-law</td></tr><tr><td><a href=\"CodeSystem-fr-core-cs-contact-relationship.html#fr-core-cs-contact-relationship-MTHINLAW\">MTHINLAW</a></td><td>mother in-law</td><td>mother in-law</td></tr><tr><td><a href=\"CodeSystem-fr-core-cs-contact-relationship.html#fr-core-cs-contact-relationship-SIBINLAW\">SIBINLAW</a></td><td>sibbling in-law</td><td>sibbling in-law</td></tr><tr><td><a href=\"CodeSystem-fr-core-cs-contact-relationship.html#fr-core-cs-contact-relationship-BROINLAW\">BROINLAW</a></td><td>brother in-law</td><td>brother in-law</td></tr><tr><td><a href=\"CodeSystem-fr-core-cs-contact-relationship.html#fr-core-cs-contact-relationship-SISINLAW\">SISINLAW</a></td><td>sister in-law</td><td>sister in-law</td></tr><tr><td><a href=\"CodeSystem-fr-core-cs-contact-relationship.html#fr-core-cs-contact-relationship-NIENEPH\">NIENEPH</a></td><td>niece/nephew</td><td>niece/nephew</td></tr><tr><td><a href=\"CodeSystem-fr-core-cs-contact-relationship.html#fr-core-cs-contact-relationship-NEPHEW\">NEPHEW</a></td><td>nephew</td><td>nephew</td></tr><tr><td><a href=\"CodeSystem-fr-core-cs-contact-relationship.html#fr-core-cs-contact-relationship-NIECE\">NIECE</a></td><td>niece</td><td>niece</td></tr><tr><td><a href=\"CodeSystem-fr-core-cs-contact-relationship.html#fr-core-cs-contact-relationship-UNCLE\">UNCLE</a></td><td>uncle</td><td>uncle</td></tr><tr><td><a href=\"CodeSystem-fr-core-cs-contact-relationship.html#fr-core-cs-contact-relationship-PRN\">PRN</a></td><td>parent</td><td>parent</td></tr><tr><td><a href=\"CodeSystem-fr-core-cs-contact-relationship.html#fr-core-cs-contact-relationship-ADOPTP\">ADOPTP</a></td><td>adoptive parent</td><td>adoptive parent</td></tr><tr><td><a href=\"CodeSystem-fr-core-cs-contact-relationship.html#fr-core-cs-contact-relationship-ADOPTF\">ADOPTF</a></td><td>adoptive father</td><td>adoptive father</td></tr><tr><td><a href=\"CodeSystem-fr-core-cs-contact-relationship.html#fr-core-cs-contact-relationship-ADOPTM\">ADOPTM</a></td><td>adoptive mother</td><td>adoptive mother</td></tr><tr><td><a href=\"CodeSystem-fr-core-cs-contact-relationship.html#fr-core-cs-contact-relationship-FTH\">FTH</a></td><td>father</td><td>father</td></tr><tr><td><a href=\"CodeSystem-fr-core-cs-contact-relationship.html#fr-core-cs-contact-relationship-FTHFOST\">FTHFOST</a></td><td>foster father</td><td>foster father</td></tr><tr><td><a href=\"CodeSystem-fr-core-cs-contact-relationship.html#fr-core-cs-contact-relationship-NFTH\">NFTH</a></td><td>natural father</td><td>natural father</td></tr><tr><td><a href=\"CodeSystem-fr-core-cs-contact-relationship.html#fr-core-cs-contact-relationship-STPFTH\">STPFTH</a></td><td>step father</td><td>step father</td></tr><tr><td><a href=\"CodeSystem-fr-core-cs-contact-relationship.html#fr-core-cs-contact-relationship-MTH\">MTH</a></td><td>mother</td><td>mother</td></tr><tr><td><a href=\"CodeSystem-fr-core-cs-contact-relationship.html#fr-core-cs-contact-relationship-MTHFOST\">MTHFOST</a></td><td>foster mother</td><td>foster mother</td></tr><tr><td><a href=\"CodeSystem-fr-core-cs-contact-relationship.html#fr-core-cs-contact-relationship-GESTM\">GESTM</a></td><td>gestational mother</td><td>gestational mother</td></tr><tr><td><a href=\"CodeSystem-fr-core-cs-contact-relationship.html#fr-core-cs-contact-relationship-NMTH\">NMTH</a></td><td>natural mother</td><td>natural mother</td></tr><tr><td><a href=\"CodeSystem-fr-core-cs-contact-relationship.html#fr-core-cs-contact-relationship-STPMTH\">STPMTH</a></td><td>stepmother</td><td>stepmother</td></tr><tr><td><a href=\"CodeSystem-fr-core-cs-contact-relationship.html#fr-core-cs-contact-relationship-NPRN\">NPRN</a></td><td>natural parent</td><td>natural parent</td></tr><tr><td><a href=\"CodeSystem-fr-core-cs-contact-relationship.html#fr-core-cs-contact-relationship-STPPRN\">STPPRN</a></td><td>step parent</td><td>step parent</td></tr><tr><td><a href=\"CodeSystem-fr-core-cs-contact-relationship.html#fr-core-cs-contact-relationship-SIB\">SIB</a></td><td>sibling</td><td>sibling</td></tr><tr><td><a href=\"CodeSystem-fr-core-cs-contact-relationship.html#fr-core-cs-contact-relationship-BRO\">BRO</a></td><td>brother</td><td>brother</td></tr><tr><td><a href=\"CodeSystem-fr-core-cs-contact-relationship.html#fr-core-cs-contact-relationship-HBRO\">HBRO</a></td><td>half-brother</td><td>half-brother</td></tr><tr><td><a href=\"CodeSystem-fr-core-cs-contact-relationship.html#fr-core-cs-contact-relationship-NBRO\">NBRO</a></td><td>natural brother</td><td>natural brother</td></tr><tr><td><a href=\"CodeSystem-fr-core-cs-contact-relationship.html#fr-core-cs-contact-relationship-TWINBRO\">TWINBRO</a></td><td>twin brother</td><td>twin brother</td></tr><tr><td><a href=\"CodeSystem-fr-core-cs-contact-relationship.html#fr-core-cs-contact-relationship-STPBRO\">STPBRO</a></td><td>stepbrother</td><td>stepbrother</td></tr><tr><td><a href=\"CodeSystem-fr-core-cs-contact-relationship.html#fr-core-cs-contact-relationship-HSIB\">HSIB</a></td><td>half-sibling</td><td>half-sibling</td></tr><tr><td><a href=\"CodeSystem-fr-core-cs-contact-relationship.html#fr-core-cs-contact-relationship-HSIS\">HSIS</a></td><td>half-sister</td><td>half-sister</td></tr><tr><td><a href=\"CodeSystem-fr-core-cs-contact-relationship.html#fr-core-cs-contact-relationship-NSIB\">NSIB</a></td><td>natural sibling</td><td>natural sibling</td></tr><tr><td><a href=\"CodeSystem-fr-core-cs-contact-relationship.html#fr-core-cs-contact-relationship-NSIS\">NSIS</a></td><td>natural sister</td><td>natural sister</td></tr><tr><td><a href=\"CodeSystem-fr-core-cs-contact-relationship.html#fr-core-cs-contact-relationship-TWINSIS\">TWINSIS</a></td><td>twin sister</td><td>twin sister</td></tr><tr><td><a href=\"CodeSystem-fr-core-cs-contact-relationship.html#fr-core-cs-contact-relationship-TWIN\">TWIN</a></td><td>twin</td><td>twin</td></tr><tr><td><a href=\"CodeSystem-fr-core-cs-contact-relationship.html#fr-core-cs-contact-relationship-SIS\">SIS</a></td><td>sister</td><td>sister</td></tr><tr><td><a href=\"CodeSystem-fr-core-cs-contact-relationship.html#fr-core-cs-contact-relationship-STPSIS\">STPSIS</a></td><td>stepsister</td><td>stepsister</td></tr><tr><td><a href=\"CodeSystem-fr-core-cs-contact-relationship.html#fr-core-cs-contact-relationship-STPSIB\">STPSIB</a></td><td>step sibling</td><td>step sibling</td></tr><tr><td><a href=\"CodeSystem-fr-core-cs-contact-relationship.html#fr-core-cs-contact-relationship-SIGOTHR\">SIGOTHR</a></td><td>significant other</td><td>significant other</td></tr><tr><td><a href=\"CodeSystem-fr-core-cs-contact-relationship.html#fr-core-cs-contact-relationship-DOMPART\">DOMPART</a></td><td>domestic partner</td><td>domestic partner</td></tr><tr><td><a href=\"CodeSystem-fr-core-cs-contact-relationship.html#fr-core-cs-contact-relationship-SPS\">SPS</a></td><td>spouse</td><td>spouse</td></tr><tr><td><a href=\"CodeSystem-fr-core-cs-contact-relationship.html#fr-core-cs-contact-relationship-HUSB\">HUSB</a></td><td>husband</td><td>husband</td></tr><tr><td><a href=\"CodeSystem-fr-core-cs-contact-relationship.html#fr-core-cs-contact-relationship-WIFE\">WIFE</a></td><td>wife</td><td>wife</td></tr><tr><td><a href=\"CodeSystem-fr-core-cs-contact-relationship.html#fr-core-cs-contact-relationship-FRND\">FRND</a></td><td>unrelated friend</td><td>unrelated friend</td></tr><tr><td><a href=\"CodeSystem-fr-core-cs-contact-relationship.html#fr-core-cs-contact-relationship-NBOR\">NBOR</a></td><td>neighbor</td><td>neighbor</td></tr></table></li></ul></div>"
  },
  "extension" : [{
    "url" : "http://hl7.org/fhir/StructureDefinition/valueset-warning",
    "valueMarkdown" : "Types are for general categories of identifiers. See [the identifier registry](identifier-registry.html) for a list of common identifier systems"
  },
  {
    "url" : "http://hl7.org/fhir/StructureDefinition/structuredefinition-standards-status",
    "valueCode" : "informative"
  },
  {
    "url" : "http://hl7.org/fhir/StructureDefinition/structuredefinition-fmm",
    "valueInteger" : 1
  },
  {
    "url" : "http://hl7.org/fhir/StructureDefinition/structuredefinition-wg",
    "valueCode" : "fhir"
  }],
  "url" : "https://hl7.fr/ig/fhir/core/ValueSet/fr-core-vs-contact-relationship",
  "version" : "2.2.0-ballot-2",
  "name" : "FRCoreValueSetContactRelationship",
  "title" : "FR Core ValueSet Contact relationship",
  "status" : "active",
  "experimental" : false,
  "date" : "2026-01-30T16:30:30+00:00",
  "publisher" : "Interop'Santé",
  "contact" : [{
    "name" : "Interop'Santé",
    "telecom" : [{
      "system" : "url",
      "value" : "http://interopsante.org"
    }]
  },
  {
    "name" : "InteropSanté",
    "telecom" : [{
      "system" : "email",
      "value" : "fhir@interopsante.org",
      "use" : "work"
    }]
  }],
  "description" : "A set of codes that can be used to indicate the relationship between a Patient and a Related Person.",
  "jurisdiction" : [{
    "coding" : [{
      "system" : "urn:iso:std:iso:3166",
      "code" : "FRA",
      "display" : "France"
    }]
  }],
  "compose" : {
    "include" : [{
      "system" : "http://terminology.hl7.org/CodeSystem/v2-0131",
      "concept" : [{
        "code" : "O",
        "display" : "Other"
      },
      {
        "code" : "U",
        "display" : "Unknown"
      },
      {
        "code" : "N",
        "display" : "Next of kin"
      }]
    },
    {
      "system" : "https://hl7.fr/ig/fhir/core/CodeSystem/fr-core-cs-contact-relationship",
      "concept" : [{
        "code" : "WRD",
        "display" : "Dépositaire de la tutelle judiciare"
      },
      {
        "code" : "GRD",
        "display" : "Tuteur"
      },
      {
        "code" : "CUR",
        "display" : "Représentant légal"
      },
      {
        "code" : "CURTL",
        "display" : "Curatelle"
      },
      {
        "code" : "EDUREF",
        "display" : "Educateur référent"
      },
      {
        "code" : "SVG",
        "display" : "Sauvegarde juridique"
      },
      {
        "code" : "K",
        "display" : "Personne de confiance"
      },
      {
        "code" : "P",
        "display" : "Personne à ne pas prévenir"
      },
      {
        "code" : "FAMMEMB",
        "display" : "family member"
      },
      {
        "code" : "CHILD",
        "display" : "child"
      },
      {
        "code" : "CHLDADOPT",
        "display" : "adopted child"
      },
      {
        "code" : "DAUADOPT",
        "display" : "adopted daughter"
      },
      {
        "code" : "SONADOPT",
        "display" : "adopted son"
      },
      {
        "code" : "CHLDFOST",
        "display" : "foster child"
      },
      {
        "code" : "SONFOST",
        "display" : "foster son"
      },
      {
        "code" : "DAUC",
        "display" : "daughter"
      },
      {
        "code" : "STPDAU",
        "display" : "stepdaughter"
      },
      {
        "code" : "SONC",
        "display" : "son"
      },
      {
        "code" : "STPSON",
        "display" : "stepson"
      },
      {
        "code" : "STPCHLD",
        "display" : "step child"
      },
      {
        "code" : "EXT",
        "display" : "extended family member"
      },
      {
        "code" : "AUNT",
        "display" : "aunt"
      },
      {
        "code" : "COUSN",
        "display" : "cousin"
      },
      {
        "code" : "GGRPRN",
        "display" : "great grandparent"
      },
      {
        "code" : "GGRFTH",
        "display" : "great grandfather"
      },
      {
        "code" : "GGRMTH",
        "display" : "great grandmather"
      },
      {
        "code" : "GRNDCHILD",
        "display" : "grandchild"
      },
      {
        "code" : "GRNDDAU",
        "display" : "granddaughter"
      },
      {
        "code" : "GRNDSON",
        "display" : "grandson"
      },
      {
        "code" : "GRPRN",
        "display" : "grandparent"
      },
      {
        "code" : "GRFTH",
        "display" : "grandfather"
      },
      {
        "code" : "GRMTH",
        "display" : "grandmather"
      },
      {
        "code" : "CHLDINLAW",
        "display" : "child in-law"
      },
      {
        "code" : "DAUINLAW",
        "display" : "daughter in-law"
      },
      {
        "code" : "PRNINLAW",
        "display" : "parent in-law"
      },
      {
        "code" : "FTHINLAW",
        "display" : "father in-law"
      },
      {
        "code" : "MTHINLAW",
        "display" : "mother in-law"
      },
      {
        "code" : "SIBINLAW",
        "display" : "sibbling in-law"
      },
      {
        "code" : "BROINLAW",
        "display" : "brother in-law"
      },
      {
        "code" : "SISINLAW",
        "display" : "sister in-law"
      },
      {
        "code" : "NIENEPH",
        "display" : "niece/nephew"
      },
      {
        "code" : "NEPHEW",
        "display" : "nephew"
      },
      {
        "code" : "NIECE",
        "display" : "niece"
      },
      {
        "code" : "UNCLE",
        "display" : "uncle"
      },
      {
        "code" : "PRN",
        "display" : "parent"
      },
      {
        "code" : "ADOPTP",
        "display" : "adoptive parent"
      },
      {
        "code" : "ADOPTF",
        "display" : "adoptive father"
      },
      {
        "code" : "ADOPTM",
        "display" : "adoptive mother"
      },
      {
        "code" : "FTH",
        "display" : "father"
      },
      {
        "code" : "FTHFOST",
        "display" : "foster father"
      },
      {
        "code" : "NFTH",
        "display" : "natural father"
      },
      {
        "code" : "STPFTH",
        "display" : "step father"
      },
      {
        "code" : "MTH",
        "display" : "mother"
      },
      {
        "code" : "MTHFOST",
        "display" : "foster mother"
      },
      {
        "code" : "GESTM",
        "display" : "gestational mother"
      },
      {
        "code" : "NMTH",
        "display" : "natural mother"
      },
      {
        "code" : "STPMTH",
        "display" : "stepmother"
      },
      {
        "code" : "NPRN",
        "display" : "natural parent"
      },
      {
        "code" : "STPPRN",
        "display" : "step parent"
      },
      {
        "code" : "SIB",
        "display" : "sibling"
      },
      {
        "code" : "BRO",
        "display" : "brother"
      },
      {
        "code" : "HBRO",
        "display" : "half-brother"
      },
      {
        "code" : "NBRO",
        "display" : "natural brother"
      },
      {
        "code" : "TWINBRO",
        "display" : "twin brother"
      },
      {
        "code" : "STPBRO",
        "display" : "stepbrother"
      },
      {
        "code" : "HSIB",
        "display" : "half-sibling"
      },
      {
        "code" : "HSIS",
        "display" : "half-sister"
      },
      {
        "code" : "NSIB",
        "display" : "natural sibling"
      },
      {
        "code" : "NSIS",
        "display" : "natural sister"
      },
      {
        "code" : "TWINSIS",
        "display" : "twin sister"
      },
      {
        "code" : "TWIN",
        "display" : "twin"
      },
      {
        "code" : "SIS",
        "display" : "sister"
      },
      {
        "code" : "STPSIS",
        "display" : "stepsister"
      },
      {
        "code" : "STPSIB",
        "display" : "step sibling"
      },
      {
        "code" : "SIGOTHR",
        "display" : "significant other"
      },
      {
        "code" : "DOMPART",
        "display" : "domestic partner"
      },
      {
        "code" : "SPS",
        "display" : "spouse"
      },
      {
        "code" : "HUSB",
        "display" : "husband"
      },
      {
        "code" : "WIFE",
        "display" : "wife"
      },
      {
        "code" : "FRND",
        "display" : "unrelated friend"
      },
      {
        "code" : "NBOR",
        "display" : "neighbor"
      }]
    }]
  }
}